--
-- PostgreSQL database dump
--

-- Dumped from database version 15.8
-- Dumped by pg_dump version 15.8

SET statement_timeout = 0;
SET lock_timeout = 0;
SET idle_in_transaction_session_timeout = 0;
SET client_encoding = 'UTF8';
SET standard_conforming_strings = on;
SELECT pg_catalog.set_config('search_path', '', false);
SET check_function_bodies = false;
SET xmloption = content;
SET client_min_messages = warning;
SET row_security = off;

--
-- Data for Name: academy_settings; Type: TABLE DATA; Schema: public; Owner: -
--

SET SESSION AUTHORIZATION DEFAULT;

ALTER TABLE public.academy_settings DISABLE TRIGGER ALL;

INSERT INTO public.academy_settings (id, name, logo_url, created_at) VALUES (1, 'Hidro & Fitness', 'https://supabase.app.rajo.com.br/storage/v1/object/public/logos/logo-1753922255202.png', '2025-07-30 20:18:51.4312+00');


ALTER TABLE public.academy_settings ENABLE TRIGGER ALL;

--
-- Data for Name: instructors; Type: TABLE DATA; Schema: public; Owner: -
--

ALTER TABLE public.instructors DISABLE TRIGGER ALL;

INSERT INTO public.instructors (id, created_at, name, email, phone, specialties, availability, status) VALUES (2, '2025-09-15 14:25:46.862752+00', 'IRENE C SANTOS', 'irenelucksantos@gmail.com', '19988337248', '{"Natação Adulto"}', '{Segunda,Terça,Quarta,Quinta,Sexta,Sábado}', 'Ativo');
INSERT INTO public.instructors (id, created_at, name, email, phone, specialties, availability, status) VALUES (23, '2025-09-16 13:28:37.272434+00', 'JESSICA ALINE BARBOSA SALES DA SILVA', 'academiahidrofitness86@gmail.com', '19992822310', '{"Natação Infantil","Natação Adulto",Hidroginástica}', '{Sábado}', 'Ativo');


ALTER TABLE public.instructors ENABLE TRIGGER ALL;

--
-- Data for Name: modalities; Type: TABLE DATA; Schema: public; Owner: -
--

ALTER TABLE public.modalities DISABLE TRIGGER ALL;

INSERT INTO public.modalities (id, created_at, name, description, type, status) VALUES (2, '2025-08-12 14:30:02.607198+00', 'NATAÇÃO ADULTO', '', NULL, 'Ativa');
INSERT INTO public.modalities (id, created_at, name, description, type, status) VALUES (5, '2025-08-13 10:42:08.658393+00', 'NATAÇÃO INFANTIL', '5 A 8 ANOS', NULL, 'Ativa');
INSERT INTO public.modalities (id, created_at, name, description, type, status) VALUES (6, '2025-08-14 09:50:09.357905+00', 'ZUMBA', 'AULAS DE RITMOS', NULL, 'Ativa');
INSERT INTO public.modalities (id, created_at, name, description, type, status) VALUES (1, '2025-08-12 02:02:31.568317+00', 'NATAÇÃO BEBE AVANÇADO', '', NULL, 'Ativa');
INSERT INTO public.modalities (id, created_at, name, description, type, status) VALUES (7, '2025-08-14 09:52:38.272289+00', 'NATAÇÃO BEBE', '1 A 3 ANOS', NULL, 'Ativa');
INSERT INTO public.modalities (id, created_at, name, description, type, status) VALUES (10, '2025-09-02 14:07:17.819757+00', 'HIDROGINÁSTICA TERCEIRA IDADE', '', NULL, 'Ativa');
INSERT INTO public.modalities (id, created_at, name, description, type, status) VALUES (11, '2025-09-02 14:07:31.558509+00', 'HIDROGINÁSTICA', '', NULL, 'Ativa');
INSERT INTO public.modalities (id, created_at, name, description, type, status) VALUES (14, '2025-09-15 21:22:01.38772+00', 'Natação', 'Aulas de natação para todos os níveis', NULL, 'Ativa');
INSERT INTO public.modalities (id, created_at, name, description, type, status) VALUES (15, '2025-09-15 21:22:01.38772+00', 'Hidroginástica', 'Exercícios aquáticos de baixo impacto', NULL, 'Ativa');
INSERT INTO public.modalities (id, created_at, name, description, type, status) VALUES (16, '2025-09-15 21:22:01.38772+00', 'Aqua Aeróbica', 'Aeróbica na água', NULL, 'Ativa');
INSERT INTO public.modalities (id, created_at, name, description, type, status) VALUES (17, '2025-09-15 21:22:01.38772+00', 'Natação Infantil', 'Aulas de natação para crianças', NULL, 'Ativa');
INSERT INTO public.modalities (id, created_at, name, description, type, status) VALUES (18, '2025-09-15 21:22:01.38772+00', 'Polo Aquático', 'Esporte aquático em equipe', NULL, 'Ativa');
INSERT INTO public.modalities (id, created_at, name, description, type, status) VALUES (32, '2025-09-15 21:46:09.609107+00', 'Hidroterapia', 'Terapia aquática para reabilitação', NULL, 'Ativa');


ALTER TABLE public.modalities ENABLE TRIGGER ALL;

--
-- Data for Name: classes; Type: TABLE DATA; Schema: public; Owner: -
--

ALTER TABLE public.classes DISABLE TRIGGER ALL;

INSERT INTO public.classes (id, created_at, name, modality_id, instructor_id, start_time, end_time, days_of_week, location, max_students, monthly_fee, status) VALUES (3, '2025-09-15 14:37:53.149459+00', 'NATAÇÃO ADULTO', 2, 2, '19:10:00', '20:00:00', '{Terça,Quinta}', 'Piscina 1', 4, NULL, 'ativa');
INSERT INTO public.classes (id, created_at, name, modality_id, instructor_id, start_time, end_time, days_of_week, location, max_students, monthly_fee, status) VALUES (4, '2025-09-15 17:48:13.982326+00', 'NATAÇÃO ADULTO', 2, 2, '17:20:00', '18:00:00', '{Sábado}', 'Piscina 1', 4, NULL, 'ativa');
INSERT INTO public.classes (id, created_at, name, modality_id, instructor_id, start_time, end_time, days_of_week, location, max_students, monthly_fee, status) VALUES (5, '2025-09-16 13:30:07.693007+00', 'NATAÇÃO INFANTIL', 5, 23, '13:30:00', '14:20:00', '{Sábado}', 'Piscina 1', 10, NULL, 'ativa');


ALTER TABLE public.classes ENABLE TRIGGER ALL;

--
-- Data for Name: students; Type: TABLE DATA; Schema: public; Owner: -
--

ALTER TABLE public.students DISABLE TRIGGER ALL;

INSERT INTO public.students (id, created_at, name, cpf, birth_date, email, phone, is_whatsapp, cep, street, number, complement, neighborhood, city, state, responsible_name, responsible_phone, medical_observations, status) VALUES (3, '2025-08-01 12:20:29.584101+00', 'DAVI GABRIEL PASSANI OLIVEIRA', '', '2023-09-01', '', '', true, '13052550', 'Avenida Ary Rodrigues', '315', '', 'Parque Camélias', 'Campinas', 'SP', 'GUILHERME GABRIEL DA SILVA', '18997334320', '', 'ativo');
INSERT INTO public.students (id, created_at, name, cpf, birth_date, email, phone, is_whatsapp, cep, street, number, complement, neighborhood, city, state, responsible_name, responsible_phone, medical_observations, status) VALUES (31, '2025-08-04 12:08:02.210876+00', 'HELENA MARIA COSTA', '06191689861', '1964-10-22', '', '19984519838', true, '13060008', 'Rua Antônio Menito', '256', '', 'Jardim Anchieta', 'Campinas', 'SP', '', '', '', 'inativo');
INSERT INTO public.students (id, created_at, name, cpf, birth_date, email, phone, is_whatsapp, cep, street, number, complement, neighborhood, city, state, responsible_name, responsible_phone, medical_observations, status) VALUES (23, '2025-08-04 11:54:35.042236+00', 'MAITE DIONIZIO DELLA COSTA', NULL, '2023-01-04', '', '19995980301', true, '13105122', 'Rua Soldado Paulo Augusto Andrele Silva', '213', '', 'Imperial Parque (Sousas)', 'Campinas', 'SP', 'JESSICA DIONIZIO DE MACEDO FIRMINO', '19995980301', '', 'ativo');
INSERT INTO public.students (id, created_at, name, cpf, birth_date, email, phone, is_whatsapp, cep, street, number, complement, neighborhood, city, state, responsible_name, responsible_phone, medical_observations, status) VALUES (24, '2025-08-04 11:55:45.642879+00', 'GABRIELLE SANTOS DA COSTA', NULL, '2017-12-31', '', '19995481538', true, '13060511', 'Rua Oswaldo Ims', '', '', 'Jardim Santa Lúcia', 'Campinas', 'SP', 'FRANCE EULA ALVES SILVA SANTOS', '19995481538', '', 'ativo');
INSERT INTO public.students (id, created_at, name, cpf, birth_date, email, phone, is_whatsapp, cep, street, number, complement, neighborhood, city, state, responsible_name, responsible_phone, medical_observations, status) VALUES (25, '2025-08-04 11:57:37.64444+00', 'BEATRIZ MARTINS MANGIA COIMBRA', NULL, '2023-05-12', '', '19982789610', true, '13061125', 'Rua Luís Pereira Barreto', '02', '', 'Jardim García', 'Campinas', 'SP', 'SUELLEN MARTINS COIMBRA', '19982789610', '', 'ativo');
INSERT INTO public.students (id, created_at, name, cpf, birth_date, email, phone, is_whatsapp, cep, street, number, complement, neighborhood, city, state, responsible_name, responsible_phone, medical_observations, status) VALUES (26, '2025-08-04 11:58:42.440433+00', 'MARIA FREIRE ANTONIO', '25626436820', '1961-08-24', '', '19991334993', true, '13060524', 'Avenida Presidente Juscelino', '2275', '', 'Parque Tropical', 'Campinas', 'SP', '', '', '', 'ativo');
INSERT INTO public.students (id, created_at, name, cpf, birth_date, email, phone, is_whatsapp, cep, street, number, complement, neighborhood, city, state, responsible_name, responsible_phone, medical_observations, status) VALUES (28, '2025-08-04 12:03:22.542953+00', 'APARECIDA CELIA ALVES', '08389777827', '1960-10-04', '', '19933861509', true, '13030720', 'Rua Paulo Lacerda', '326', '', 'São Bernardo', 'Campinas', 'SP', '', '', '', 'ativo');
INSERT INTO public.students (id, created_at, name, cpf, birth_date, email, phone, is_whatsapp, cep, street, number, complement, neighborhood, city, state, responsible_name, responsible_phone, medical_observations, status) VALUES (30, '2025-08-04 12:06:40.118075+00', 'BEATRIZ RODRIGUES ARAUJO', NULL, '2013-08-08', '', '19991586070', true, '13060744', 'Rua Rúbens Roberto Ciolfi', '315', '', 'Parque Residencial Vila União', 'Campinas', 'SP', 'WESLEY ARAUJO', '19991586070', '', 'ativo');
INSERT INTO public.students (id, created_at, name, cpf, birth_date, email, phone, is_whatsapp, cep, street, number, complement, neighborhood, city, state, responsible_name, responsible_phone, medical_observations, status) VALUES (41, '2025-08-04 12:32:23.070431+00', 'RAFAEL NASCIMENTO DOS SANTOS', '36728222804', '1997-11-22', '', '19981325609', true, '13061096', 'Rua Alfredo Battibugli', '', '', 'Jardim García', 'Campinas', 'SP', '', '', '', 'inativo');
INSERT INTO public.students (id, created_at, name, cpf, birth_date, email, phone, is_whatsapp, cep, street, number, complement, neighborhood, city, state, responsible_name, responsible_phone, medical_observations, status) VALUES (32, '2025-08-04 12:14:15.911953+00', 'RAFAEL MARIANO MILAGRES', NULL, '2015-03-16', '', '19984606666', true, '13060048', 'Rua Ferreira Novo', '197', '', 'Jardim Campos Elíseos', 'Campinas', 'SP', 'SUELI DE FATIMA TEIXEIRA MILAGRES', '19984606666', '', 'ativo');
INSERT INTO public.students (id, created_at, name, cpf, birth_date, email, phone, is_whatsapp, cep, street, number, complement, neighborhood, city, state, responsible_name, responsible_phone, medical_observations, status) VALUES (33, '2025-08-04 12:16:29.571436+00', 'ALICIA REZENDE SOUZA', NULL, '2019-03-29', '', '19974183988', true, '13050450', 'Rua Mineiros do Tietê', '497', '', 'Vila Pompéia', 'Campinas', 'SP', 'HALISSON SOUZA', '19974183988', '', 'ativo');
INSERT INTO public.students (id, created_at, name, cpf, birth_date, email, phone, is_whatsapp, cep, street, number, complement, neighborhood, city, state, responsible_name, responsible_phone, medical_observations, status) VALUES (34, '2025-08-04 12:19:21.7236+00', 'NOAH TRINDADE SANTIAGO', NULL, '2024-04-19', '', '19981867913', true, '13051103', 'Rua Bernardino Martins Filho', '275', '', 'Jardim das Bandeiras', 'Campinas', 'SP', 'THAYS TRINDADE SANTIAGO', '19981867913', '', 'ativo');
INSERT INTO public.students (id, created_at, name, cpf, birth_date, email, phone, is_whatsapp, cep, street, number, complement, neighborhood, city, state, responsible_name, responsible_phone, medical_observations, status) VALUES (36, '2025-08-04 12:22:09.494154+00', 'EDVALDA GISELE P.S. CAPURSSI', '27319227886', '1979-09-28', '', '19981975283', true, '13060223', 'Rua Pelicano', '277', '', 'Jardim Londres', 'Campinas', 'SP', '', '', '', 'ativo');
INSERT INTO public.students (id, created_at, name, cpf, birth_date, email, phone, is_whatsapp, cep, street, number, complement, neighborhood, city, state, responsible_name, responsible_phone, medical_observations, status) VALUES (37, '2025-08-04 12:25:10.188728+00', 'BRUNA DIAS ARAUJO', '46347485842', '2000-06-18', '', '19993394674', true, '13060735', 'Rua Euclides Arruda de Almeida', '195', '', 'Parque Residencial Vila União', 'Campinas', 'SP', '', '', '', 'ativo');
INSERT INTO public.students (id, created_at, name, cpf, birth_date, email, phone, is_whatsapp, cep, street, number, complement, neighborhood, city, state, responsible_name, responsible_phone, medical_observations, status) VALUES (39, '2025-08-04 12:28:59.257904+00', 'HEITOR LUIZ MOREIRA', NULL, '2019-04-10', '', '19991664495', true, '13051076', 'Rua Professora Amália de Arruda Legendre Martini', '1115', '', 'Jardim do Lago Continuação', 'Campinas', 'SP', 'DAYANE P. N. LUIZ MOREIRA', '19991664495', '', 'ativo');
INSERT INTO public.students (id, created_at, name, cpf, birth_date, email, phone, is_whatsapp, cep, street, number, complement, neighborhood, city, state, responsible_name, responsible_phone, medical_observations, status) VALUES (40, '2025-08-04 12:29:56.863067+00', 'ARTHUR LUIZ MOREIRA', NULL, '2019-04-10', '', '19991664495', true, '13051076', 'Rua Professora Amália de Arruda Legendre Martini', '1115', '', 'Jardim do Lago Continuação', 'Campinas', 'SP', 'DAYANE P. N. LUIZ MOREIRA', '19991664495', '', 'ativo');
INSERT INTO public.students (id, created_at, name, cpf, birth_date, email, phone, is_whatsapp, cep, street, number, complement, neighborhood, city, state, responsible_name, responsible_phone, medical_observations, status) VALUES (60, '2025-08-04 13:06:15.808652+00', 'RAFAEL SOUZA SANTOS', '46435320845', '1995-07-26', '', '19995869099', true, '13060067', 'Rua Mário Ribeiro do Amaral', '580', '', 'Jardim Campos Elíseos', 'Campinas', 'SP', '', '', '', 'inativo');
INSERT INTO public.students (id, created_at, name, cpf, birth_date, email, phone, is_whatsapp, cep, street, number, complement, neighborhood, city, state, responsible_name, responsible_phone, medical_observations, status) VALUES (44, '2025-08-04 12:37:25.02597+00', 'HEITOR DE OLIVEIRA NASCIMENTO', NULL, '2019-04-12', '', '19974158836', true, '13059641', 'Rua Chrispim Gomes', '518', '', 'Cidade Satélite Íris', 'Campinas', 'SP', 'BRENDA ALVES DE OLIVEIRA VIANA', '19974158836', '', 'inativo');
INSERT INTO public.students (id, created_at, name, cpf, birth_date, email, phone, is_whatsapp, cep, street, number, complement, neighborhood, city, state, responsible_name, responsible_phone, medical_observations, status) VALUES (43, '2025-08-04 12:36:18.225804+00', 'PETRUCIO FERREIRA DA SILVA', '24082767487', '1959-09-12', '', '19971606137', true, '13060702', 'Rua Célio dos Santos Ferreira', '285', '', 'Parque Residencial Vila União', 'Campinas', 'SP', '', '', '', 'ativo');
INSERT INTO public.students (id, created_at, name, cpf, birth_date, email, phone, is_whatsapp, cep, street, number, complement, neighborhood, city, state, responsible_name, responsible_phone, medical_observations, status) VALUES (47, '2025-08-04 12:43:35.729316+00', 'MARILDA ROMÃO', '25237506860', '1976-07-22', '', '19983676303', true, '13059194', 'Rua Armando Pinareli', '42', '', 'Residencial Sírius', 'Campinas', 'SP', '', '', '', 'inativo');
INSERT INTO public.students (id, created_at, name, cpf, birth_date, email, phone, is_whatsapp, cep, street, number, complement, neighborhood, city, state, responsible_name, responsible_phone, medical_observations, status) VALUES (45, '2025-08-04 12:39:18.912535+00', 'MARTA REGINA G. DO PRADO', '31622710886', '1970-12-04', '', '19987334749', true, '13060061', 'Rua Orestes Colombari', '266', '', 'Jardim Campos Elíseos', 'Campinas', 'SP', '', '', '', 'ativo');
INSERT INTO public.students (id, created_at, name, cpf, birth_date, email, phone, is_whatsapp, cep, street, number, complement, neighborhood, city, state, responsible_name, responsible_phone, medical_observations, status) VALUES (46, '2025-08-04 12:40:24.764776+00', 'DIOGO RIBEIRO DO PRADO', NULL, '2018-08-05', '', '19987334749', true, '13060061', 'Rua Orestes Colombari', '266', '', 'Jardim Campos Elíseos', 'Campinas', 'SP', 'MARTA REGINA PRADO', '19987334749', '', 'ativo');
INSERT INTO public.students (id, created_at, name, cpf, birth_date, email, phone, is_whatsapp, cep, street, number, complement, neighborhood, city, state, responsible_name, responsible_phone, medical_observations, status) VALUES (57, '2025-08-04 13:00:24.602653+00', 'MARIA LUIZA FACHIN', '46584571807', '1947-08-15', '', '11971395173', true, '13060860', 'Rua Doutor Sylvio Carvalhaes', '170', 'BL L AP3', 'Jardim Campos Elíseos', 'Campinas', 'SP', '', '', '', 'inativo');
INSERT INTO public.students (id, created_at, name, cpf, birth_date, email, phone, is_whatsapp, cep, street, number, complement, neighborhood, city, state, responsible_name, responsible_phone, medical_observations, status) VALUES (48, '2025-08-04 12:45:18.411721+00', 'NICOLAS COSSU', NULL, '2015-12-14', '', '19995250038', true, '13054107', 'Avenida Jacaúna', '2293', '', 'Vila Aeroporto', 'Campinas', 'SP', 'DIEGO COSSU', '19995250038', '', 'ativo');
INSERT INTO public.students (id, created_at, name, cpf, birth_date, email, phone, is_whatsapp, cep, street, number, complement, neighborhood, city, state, responsible_name, responsible_phone, medical_observations, status) VALUES (50, '2025-08-04 12:47:42.068407+00', 'ANA JULIA MESSIAS DO NASCIMENTO SANTOS', '54110071860', '2006-03-31', '', '19994998629', true, '13060325', 'Rua Doutor Antônio Sylvio Cunha Bueno', '', '', 'Jardim Roseira', 'Campinas', 'SP', '', '', '', 'ativo');
INSERT INTO public.students (id, created_at, name, cpf, birth_date, email, phone, is_whatsapp, cep, street, number, complement, neighborhood, city, state, responsible_name, responsible_phone, medical_observations, status) VALUES (51, '2025-08-04 12:48:42.258915+00', 'CRISTIANA MESSIAS DO NASCIMENTO', '32429519801', '1984-11-11', '', '19993347806', true, '13060325', 'Rua Doutor Antônio Sylvio Cunha Bueno', '', '', 'Jardim Roseira', 'Campinas', 'SP', '', '', '', 'ativo');
INSERT INTO public.students (id, created_at, name, cpf, birth_date, email, phone, is_whatsapp, cep, street, number, complement, neighborhood, city, state, responsible_name, responsible_phone, medical_observations, status) VALUES (52, '2025-08-04 12:49:54.705999+00', 'ARTHUR PEREIRA DE OLIVEIRA CARDOSO', NULL, '2021-02-14', '', '19994741974', true, '13059780', 'Rua Henrique Thoni Filho', '208', '', 'Jardim Ouro Preto', 'Campinas', 'SP', 'WATSON PEREIRA/TATIANE DE OLIVEIRA', '19994741974', '', 'ativo');
INSERT INTO public.students (id, created_at, name, cpf, birth_date, email, phone, is_whatsapp, cep, street, number, complement, neighborhood, city, state, responsible_name, responsible_phone, medical_observations, status) VALUES (53, '2025-08-04 12:51:06.395448+00', 'ALICIA PEREIRA DE OLIVEIRA CARDOSO', NULL, '2021-02-14', '', '19994741974', true, '13059780', 'Rua Henrique Thoni Filho', '208', '', 'Jardim Ouro Preto', 'Campinas', 'SP', 'WATSON PEREIRA/TATIANE DE OLIVEIRA', '19994741974', '', 'ativo');
INSERT INTO public.students (id, created_at, name, cpf, birth_date, email, phone, is_whatsapp, cep, street, number, complement, neighborhood, city, state, responsible_name, responsible_phone, medical_observations, status) VALUES (54, '2025-08-04 12:53:32.687673+00', 'LOURDES GOMES DE OLIVEIRA CARDOSO', NULL, '1961-10-12', '', '19988592427', true, '13059646', 'Rua Doutor Dante Erbolato', '2424', '', 'Cidade Satélite Íris', 'Campinas', 'SP', '', '', '', 'ativo');
INSERT INTO public.students (id, created_at, name, cpf, birth_date, email, phone, is_whatsapp, cep, street, number, complement, neighborhood, city, state, responsible_name, responsible_phone, medical_observations, status) VALUES (56, '2025-08-04 12:58:20.749313+00', 'GUSTAVO DA SILVA CAMPOS', NULL, '2016-01-10', '', '19993317463', true, '13056524', 'Rua Leonor Santos', '80', '', 'Jardim Vista Alegre', 'Campinas', 'SP', 'REGIANE DA SILVA NUNES CAMPOS', '19993317463', '', 'ativo');
INSERT INTO public.students (id, created_at, name, cpf, birth_date, email, phone, is_whatsapp, cep, street, number, complement, neighborhood, city, state, responsible_name, responsible_phone, medical_observations, status) VALUES (58, '2025-08-04 13:01:52.866492+00', 'ELAINE CRISTINA LUPI CHIOTTI', '31194023894', '1981-12-14', '', '19991792370', true, '13060746', 'Rua Manoel Arthur Cavalcante Lacombe', '156', '', 'Parque Residencial Vila União', 'Campinas', 'SP', '', '', '', 'ativo');
INSERT INTO public.students (id, created_at, name, cpf, birth_date, email, phone, is_whatsapp, cep, street, number, complement, neighborhood, city, state, responsible_name, responsible_phone, medical_observations, status) VALUES (59, '2025-08-04 13:04:52.07938+00', 'LUCIANA DE CASSIA DE OLIVEIRA', '21765986877', '1981-11-02', '', '19993087605', true, '13060123', 'Rua São Francisco', '81', '', 'Jardim Novo Campos Elíseos', 'Campinas', 'SP', '', '', '', 'ativo');
INSERT INTO public.students (id, created_at, name, cpf, birth_date, email, phone, is_whatsapp, cep, street, number, complement, neighborhood, city, state, responsible_name, responsible_phone, medical_observations, status) VALUES (42, '2025-08-04 12:33:55.32601+00', 'HERMINIA SABINO', '15496418836', '1959-11-06', '', '19971606137', true, '13060702', 'Rua Célio dos Santos Ferreira', '285', '', 'Parque Residencial Vila União', 'Campinas', 'SP', '', '', '', 'inativo');
INSERT INTO public.students (id, created_at, name, cpf, birth_date, email, phone, is_whatsapp, cep, street, number, complement, neighborhood, city, state, responsible_name, responsible_phone, medical_observations, status) VALUES (61, '2025-08-04 13:07:57.656745+00', 'MATHEUS HENRIQUE F. MARTINS', '35191587871', '2019-07-17', '', '19995064022', true, '13060536', 'Rua Laudo Vieira Rocha', '236', '', 'Parque Tropical', 'Campinas', 'SP', 'JESSICA MARTINS FERNANDES', '19995064022', '', 'ativo');
INSERT INTO public.students (id, created_at, name, cpf, birth_date, email, phone, is_whatsapp, cep, street, number, complement, neighborhood, city, state, responsible_name, responsible_phone, medical_observations, status) VALUES (35, '2025-08-04 12:20:58.082128+00', 'LUARA MAGALHÃES ROCHA FERREIRA', NULL, '2022-02-19', '', '19995057900', true, '13060151', 'Rua Arlindo Gomes', '344', '', 'Jardim Novo Campos Elíseos', 'Campinas', 'SP', 'MARCELA MAGALHÃES', '19995057900', '', 'ativo');
INSERT INTO public.students (id, created_at, name, cpf, birth_date, email, phone, is_whatsapp, cep, street, number, complement, neighborhood, city, state, responsible_name, responsible_phone, medical_observations, status) VALUES (27, '2025-08-04 12:01:44.402872+00', 'MILENA MODESTO', NULL, '2019-11-08', '', '19991334993', true, '13060524', 'Avenida Presidente Juscelino', '2275', '', 'Parque Tropical', 'Campinas', 'SP', 'SIRLEI MODESTO', '19991334993', '', 'ativo');
INSERT INTO public.students (id, created_at, name, cpf, birth_date, email, phone, is_whatsapp, cep, street, number, complement, neighborhood, city, state, responsible_name, responsible_phone, medical_observations, status) VALUES (2, '2025-08-01 12:14:48.241089+00', 'LUSIA SANTOS NUNES', '96008520815', '1951-10-30', '', '19991051533', true, '1060072', 'Rua Jornalista Ernesto Napoli', '353', '', 'JD LONDRES', 'Campinas', 'SP', '', '', '', 'ativo');
INSERT INTO public.students (id, created_at, name, cpf, birth_date, email, phone, is_whatsapp, cep, street, number, complement, neighborhood, city, state, responsible_name, responsible_phone, medical_observations, status) VALUES (67, '2025-08-04 13:21:58.27904+00', 'ISIS NAOMI INOÉ', NULL, '2020-06-04', '', '11952029257', true, '', 'RUA MAESTRO DIOGO HUGO BRATFICHER', '70', '', 'JD MIRANDA', 'CAMPINAS', 'SP', 'ANGELINA MARIA DA SILVA INOE', '11952029257', '', 'inativo');
INSERT INTO public.students (id, created_at, name, cpf, birth_date, email, phone, is_whatsapp, cep, street, number, complement, neighborhood, city, state, responsible_name, responsible_phone, medical_observations, status) VALUES (49, '2025-08-04 12:46:15.46782+00', 'LUCAS STEPHAN SILVA', NULL, '2019-01-16', '', '19974151341', true, '13060564', 'Rua Antonio de Souza Lima', '25', '', 'Residencial Parque da Fazenda', 'Campinas', 'SP', 'CLAUDIA REGINA STHEPAN SILVA', '19974151341', '', 'ativo');
INSERT INTO public.students (id, created_at, name, cpf, birth_date, email, phone, is_whatsapp, cep, street, number, complement, neighborhood, city, state, responsible_name, responsible_phone, medical_observations, status) VALUES (1, '2025-07-30 19:07:00.270278+00', 'RAFAEL MEDEIROS', '36570049801', '1989-01-03', 'tecnorafa12@gmail.com', '19982634941', true, '13060500', 'Rua Augusto de Moraes Carvalho', '133', '', 'Jardim Santa Lúcia', 'Campinas', 'SP', '', '', '', 'ativo');
INSERT INTO public.students (id, created_at, name, cpf, birth_date, email, phone, is_whatsapp, cep, street, number, complement, neighborhood, city, state, responsible_name, responsible_phone, medical_observations, status) VALUES (86, '2025-08-06 13:42:53.341231+00', 'EDNA SILVA PERES', '86798685820', '1954-07-21', '', '19998121861', true, '13060190', 'Rua Domício Pacheco e Silva', '88', 'BL D4 AP 01', 'Jardim Novo Campos Elíseos', 'Campinas', 'SP', '', '', '', 'ativo');
INSERT INTO public.students (id, created_at, name, cpf, birth_date, email, phone, is_whatsapp, cep, street, number, complement, neighborhood, city, state, responsible_name, responsible_phone, medical_observations, status) VALUES (89, '2025-08-06 13:48:06.957908+00', 'REGINA ALEXANDRINODE ASSIS', '03362414885', '1960-01-28', '', '19993632701', true, '13060112', 'Rua Francisco Bayardo', '95', '', 'Jardim Novo Campos Elíseos', 'Campinas', 'SP', '', '', '', 'ativo');
INSERT INTO public.students (id, created_at, name, cpf, birth_date, email, phone, is_whatsapp, cep, street, number, complement, neighborhood, city, state, responsible_name, responsible_phone, medical_observations, status) VALUES (90, '2025-08-06 13:50:45.72306+00', 'YURI SOUZA O. NOVAES', NULL, '2018-02-07', '', '19993962520', true, '13057186', 'Rua Averróis', '21', '', 'Loteamento Residencial Campina Verde', 'Campinas', 'SP', 'AMANDA C.S OLIVEIRA', '19993962520', '', 'ativo');
INSERT INTO public.students (id, created_at, name, cpf, birth_date, email, phone, is_whatsapp, cep, street, number, complement, neighborhood, city, state, responsible_name, responsible_phone, medical_observations, status) VALUES (91, '2025-08-06 13:52:03.803347+00', 'APARECIDA PETELUCCI DO CARMO', '72013010800', '1951-09-29', '', '19981907072', true, '13060112', 'Rua Francisco Bayardo', '400', '', 'Jardim Novo Campos Elíseos', 'Campinas', 'SP', '', '', '', 'ativo');
INSERT INTO public.students (id, created_at, name, cpf, birth_date, email, phone, is_whatsapp, cep, street, number, complement, neighborhood, city, state, responsible_name, responsible_phone, medical_observations, status) VALUES (92, '2025-08-06 13:53:23.410541+00', 'ARTHUR PEDRO MINGARELLLI SIVA', NULL, '2023-10-06', '', '', true, '13060858', 'Avenida Presidente Juscelino', '1607', '', 'Jardim Campos Elíseos', 'Campinas', 'SP', 'LEANDRO S. MINGARELLI', '19995375338', '', 'ativo');
INSERT INTO public.students (id, created_at, name, cpf, birth_date, email, phone, is_whatsapp, cep, street, number, complement, neighborhood, city, state, responsible_name, responsible_phone, medical_observations, status) VALUES (93, '2025-08-06 13:54:34.531226+00', 'MARIA DEOLINDA NOVAES', '81971435872', '1950-07-12', '', '19981270151', true, '13050472', 'Rua Professor Fernando Thielle', '95', '', 'Vila Pompéia', 'Campinas', 'SP', '', '', '', 'ativo');
INSERT INTO public.students (id, created_at, name, cpf, birth_date, email, phone, is_whatsapp, cep, street, number, complement, neighborhood, city, state, responsible_name, responsible_phone, medical_observations, status) VALUES (21, '2025-08-04 10:52:06.544155+00', 'VALENTINA SANTOS TACCO DA SILVA', NULL, '2019-01-08', '', '19992725188', true, '13058533', 'Rua Olindo Gardelin', '90', 'BL08 AP302', 'Parque Valença I', 'Campinas', 'SP', 'FABIANA SANTOS TACCO DA SILVA', '19992725188', '', 'ativo');
INSERT INTO public.students (id, created_at, name, cpf, birth_date, email, phone, is_whatsapp, cep, street, number, complement, neighborhood, city, state, responsible_name, responsible_phone, medical_observations, status) VALUES (29, '2025-08-04 12:05:21.122795+00', 'JUSSARA APARECIDA GONÇALVES', '08380046870', '1961-09-23', '', '19989207592', true, '13060766', 'Rua Dona Neuza Goulart Brizola', '101', '', 'Parque Residencial Vila União', 'Campinas', 'SP', '', '', '', 'ativo');
INSERT INTO public.students (id, created_at, name, cpf, birth_date, email, phone, is_whatsapp, cep, street, number, complement, neighborhood, city, state, responsible_name, responsible_phone, medical_observations, status) VALUES (38, '2025-08-04 12:26:37.492206+00', 'MATTEO DE JESUS SILVA', NULL, '2022-11-08', '', '19974168311', true, '13060006', 'Rua Antônio Name Chaib', '165', '', 'Jardim Anchieta', 'Campinas', 'SP', 'RENATA CRISTINE S. FERREIRA', '19974168311', '', 'ativo');
INSERT INTO public.students (id, created_at, name, cpf, birth_date, email, phone, is_whatsapp, cep, street, number, complement, neighborhood, city, state, responsible_name, responsible_phone, medical_observations, status) VALUES (55, '2025-08-04 12:54:37.512879+00', 'ALEXANDRE PESTANA', NULL, '2019-03-13', '', '19995125259', true, '13059848', 'Avenida Deputado Luís Eduardo Magalhães', '543', '', 'Jardim Uruguai', 'Campinas', 'SP', 'DAIANE M. DA S. PESTANA', '19995125259', '', 'ativo');
INSERT INTO public.students (id, created_at, name, cpf, birth_date, email, phone, is_whatsapp, cep, street, number, complement, neighborhood, city, state, responsible_name, responsible_phone, medical_observations, status) VALUES (62, '2025-08-04 13:13:24.4308+00', 'JULIA FERNANDES DE SOUZA', NULL, '2017-05-30', '', '19981442464', true, '13059660', 'Rua Romeu Marinelli', '780', '', 'Cidade Satélite Íris', 'Campinas', 'SP', 'RODRIGO FERNANDES DOS SANTOS', '19981442464', '', 'ativo');
INSERT INTO public.students (id, created_at, name, cpf, birth_date, email, phone, is_whatsapp, cep, street, number, complement, neighborhood, city, state, responsible_name, responsible_phone, medical_observations, status) VALUES (63, '2025-08-04 13:15:02.413841+00', 'ROBERTO CELESTINO ALMEIDA', '19609258816', '1976-07-29', '', '19998141976', true, '13061100', 'Avenida Transamazônica', '311', '', 'Jardim García', 'Campinas', 'SP', '', '', '', 'ativo');
INSERT INTO public.students (id, created_at, name, cpf, birth_date, email, phone, is_whatsapp, cep, street, number, complement, neighborhood, city, state, responsible_name, responsible_phone, medical_observations, status) VALUES (68, '2025-08-04 13:23:31.00957+00', 'HEITOR SANTOS TOBIAS', NULL, '2020-10-14', '', '19991732206', true, '13060779', 'Rua João Cavoto', '208', '', 'Parque Residencial Vila União', 'Campinas', 'SP', 'FELIPE TOBIAS S. FREITAS', '19991732206', '', 'inativo');
INSERT INTO public.students (id, created_at, name, cpf, birth_date, email, phone, is_whatsapp, cep, street, number, complement, neighborhood, city, state, responsible_name, responsible_phone, medical_observations, status) VALUES (72, '2025-08-04 13:28:42.554464+00', 'IAN ROCHA PEREIRA', '44066282822', '1996-06-05', '', '19974190797', true, '13060854', 'Rua Sílvio Rizzardo', '400', '', 'Jardim Campos Elíseos', 'Campinas', 'SP', '', '', '', 'inativo');
INSERT INTO public.students (id, created_at, name, cpf, birth_date, email, phone, is_whatsapp, cep, street, number, complement, neighborhood, city, state, responsible_name, responsible_phone, medical_observations, status) VALUES (73, '2025-08-04 13:30:36.111907+00', 'EMANUELLE ROCHA OLEGÁRIO', NULL, '2021-01-14', '', '19974051677', true, '13040725', 'Rua Visconde de Congonhas do Campo', '1161', '', 'Loteamento Parque São Martinho', 'Campinas', 'SP', 'ELIANE PATRICIA ROCHA', '19974051677', '', 'inativo');
INSERT INTO public.students (id, created_at, name, cpf, birth_date, email, phone, is_whatsapp, cep, street, number, complement, neighborhood, city, state, responsible_name, responsible_phone, medical_observations, status) VALUES (66, '2025-08-04 13:18:55.709628+00', 'BENJAMIN LINS NORONHA', NULL, '2016-09-02', '', '19992179381', true, '13050420', 'Rua Araçoiaba da Serra', '704', '', 'Cidade Jardim', 'Campinas', 'SP', 'FABIANA BARBOSA LINS', '19992179381', '', 'ativo');
INSERT INTO public.students (id, created_at, name, cpf, birth_date, email, phone, is_whatsapp, cep, street, number, complement, neighborhood, city, state, responsible_name, responsible_phone, medical_observations, status) VALUES (69, '2025-08-04 13:25:06.183972+00', 'BELLA TEOFILO RIBEIRO', NULL, '2023-07-11', '', '19988941478', true, '13060055', 'Rua da Solidariedade', '25', '', 'Jardim Campos Elíseos', 'Campinas', 'SP', 'JANAINA TEÓFILO', '19988941478', '', 'ativo');
INSERT INTO public.students (id, created_at, name, cpf, birth_date, email, phone, is_whatsapp, cep, street, number, complement, neighborhood, city, state, responsible_name, responsible_phone, medical_observations, status) VALUES (70, '2025-08-04 13:26:22.099209+00', 'BENJAMIN PRINCE OLIVEIRA DIAS', NULL, '2019-11-25', '', '19991387811', true, '13051076', 'Rua Professora Amália de Arruda Legendre Martini', '1115', 'T.A AP103', 'Jardim do Lago Continuação', 'Campinas', 'SP', 'NATALIA CRISTINA DE OLIVEIRA', '19991387811', '', 'ativo');
INSERT INTO public.students (id, created_at, name, cpf, birth_date, email, phone, is_whatsapp, cep, street, number, complement, neighborhood, city, state, responsible_name, responsible_phone, medical_observations, status) VALUES (71, '2025-08-04 13:27:22.141534+00', 'INGRID BUGATTI ROCHA PEREIRA', '45226057814', '1995-10-25', '', '19991464117', true, '13060854', 'Rua Sílvio Rizzardo', '400', '', 'Jardim Campos Elíseos', 'Campinas', 'SP', '', '', '', 'ativo');
INSERT INTO public.students (id, created_at, name, cpf, birth_date, email, phone, is_whatsapp, cep, street, number, complement, neighborhood, city, state, responsible_name, responsible_phone, medical_observations, status) VALUES (74, '2025-08-04 13:31:34.788618+00', 'HADASSA GONÇALVES FREITAS', NULL, '2019-11-07', '', '19974012830', true, '13059649', 'Rua Doutor Fuad Ferreira', '419', '', 'Cidade Satélite Íris', 'Campinas', 'SP', 'SARA GONÇALVES SILVA', '19974012830', '', 'inativo');
INSERT INTO public.students (id, created_at, name, cpf, birth_date, email, phone, is_whatsapp, cep, street, number, complement, neighborhood, city, state, responsible_name, responsible_phone, medical_observations, status) VALUES (85, '2025-08-04 14:34:23.541092+00', 'GRACELI ALVES DE ARRUDA', '17388753850', '1968-07-31', '', '19993154787', true, '13060063', 'Rua Ruy Pupo Campos Ferreira', '', '', 'Jardim Campos Elíseos', 'Campinas', 'SP', '', '', '', 'inativo');
INSERT INTO public.students (id, created_at, name, cpf, birth_date, email, phone, is_whatsapp, cep, street, number, complement, neighborhood, city, state, responsible_name, responsible_phone, medical_observations, status) VALUES (80, '2025-08-04 14:04:34.027+00', 'IRACI SANTOS DE LIMA', '24834243842', '1967-12-21', '', '19987242531', true, '13056430', 'Avenida Coaciara', '1027', '', 'Parque Dom Pedro II', 'Campinas', 'SP', '', '', '', 'inativo');
INSERT INTO public.students (id, created_at, name, cpf, birth_date, email, phone, is_whatsapp, cep, street, number, complement, neighborhood, city, state, responsible_name, responsible_phone, medical_observations, status) VALUES (75, '2025-08-04 13:33:00.24915+00', 'MARCIA ADRIANA TEODORO', '11917753802', '1968-07-13', '', '19993128080', true, '13061271', 'Rua Godofredo Batista Carvalho', '76', '', 'Vila Castelo Branco', 'Campinas', 'SP', '', '', '', 'ativo');
INSERT INTO public.students (id, created_at, name, cpf, birth_date, email, phone, is_whatsapp, cep, street, number, complement, neighborhood, city, state, responsible_name, responsible_phone, medical_observations, status) VALUES (76, '2025-08-04 13:33:52.518368+00', 'MATHEUS VIAN BRAZ', NULL, '2012-04-23', '', '19991959198', true, '13070751', 'Avenida Governador Pedro de Toledo', '442', 'T3 AP5', 'Bonfim', 'Campinas', 'SP', 'DANIELA SILVA VIAN', '19991959198', '', 'ativo');
INSERT INTO public.students (id, created_at, name, cpf, birth_date, email, phone, is_whatsapp, cep, street, number, complement, neighborhood, city, state, responsible_name, responsible_phone, medical_observations, status) VALUES (77, '2025-08-04 13:35:49.638228+00', 'JOAQUIM EMANUEL DE SOUZA CARVALHO', NULL, '2022-06-08', '', '19991371855', true, '13060611', 'Rua Doutor Jeber Juabre', '146', 'BLF AP406', 'Jardim Márcia', 'Campinas', 'SP', 'BRUNA DE SOUZA CARVALHO', '19991371855', '', 'ativo');
INSERT INTO public.students (id, created_at, name, cpf, birth_date, email, phone, is_whatsapp, cep, street, number, complement, neighborhood, city, state, responsible_name, responsible_phone, medical_observations, status) VALUES (78, '2025-08-04 14:00:29.958559+00', 'VINICIUS JOSÉ DE BRITO', NULL, '2016-04-12', '', '19991624560', true, '13052601', 'Rua Manoella Marcolino da Silva Derigo', '', '', 'Residencial Nova Bandeirante', 'Campinas', 'SP', 'ANDRÉ JOSÉ DE BRITO', '19991624560', '', 'ativo');
INSERT INTO public.students (id, created_at, name, cpf, birth_date, email, phone, is_whatsapp, cep, street, number, complement, neighborhood, city, state, responsible_name, responsible_phone, medical_observations, status) VALUES (79, '2025-08-04 14:01:21.644834+00', 'ISADORA VITORIA SIQUEIRA DE MIRANDA', NULL, '2022-02-26', '', '19992463564', true, '13050541', 'Rua Bragança Paulista', '181', '', 'Jardim Novo Campos Elíseos', 'Campinas', 'SP', 'INGRID MERILE MATHEUS DA SILVA', '19992463564', '', 'inativo');
INSERT INTO public.students (id, created_at, name, cpf, birth_date, email, phone, is_whatsapp, cep, street, number, complement, neighborhood, city, state, responsible_name, responsible_phone, medical_observations, status) VALUES (81, '2025-08-04 14:07:15.599387+00', 'LEILIANE ISABELLI LAMBERTI', '39438382852', '2007-02-28', '', '19991761439', true, '13060024', 'Rua Conselheiro Antônio Carlos', '1472', '', 'Jardim Campos Elíseos', 'Campinas', 'SP', '', '', '', 'inativo');
INSERT INTO public.students (id, created_at, name, cpf, birth_date, email, phone, is_whatsapp, cep, street, number, complement, neighborhood, city, state, responsible_name, responsible_phone, medical_observations, status) VALUES (82, '2025-08-04 14:08:52.752157+00', 'LUCIA APARECIDA ARAGÃO DE LIMA', '13751068805', '1970-04-14', '', '19996855727', true, '13060059', 'Rua Sílvia Leite de Godoy', '221', '', 'Jardim Campos Elíseos', 'Campinas', 'SP', '', '', '', 'ativo');
INSERT INTO public.students (id, created_at, name, cpf, birth_date, email, phone, is_whatsapp, cep, street, number, complement, neighborhood, city, state, responsible_name, responsible_phone, medical_observations, status) VALUES (83, '2025-08-04 14:09:52.934377+00', 'SOPHIA DE SOUZA PAULO', NULL, '2019-06-25', '', '19989788175', true, '13060161', 'Rua Joaquim Lourenço de Godoy', '138', '', 'Jardim Novo Campos Elíseos', 'Campinas', 'SP', 'VANESSA ROSA DE SOUZA', '19989788175', '', 'ativo');
INSERT INTO public.students (id, created_at, name, cpf, birth_date, email, phone, is_whatsapp, cep, street, number, complement, neighborhood, city, state, responsible_name, responsible_phone, medical_observations, status) VALUES (84, '2025-08-04 14:10:53.382575+00', 'ARTHUR DE SOUZA PAULO', NULL, '2022-12-10', '', '19989788175', true, '13060161', 'Rua Joaquim Lourenço de Godoy', '138', '', 'Jardim Novo Campos Elíseos', 'Campinas', 'SP', 'VANESSA ROSA DE SOUZA', '19989788175', '', 'ativo');
INSERT INTO public.students (id, created_at, name, cpf, birth_date, email, phone, is_whatsapp, cep, street, number, complement, neighborhood, city, state, responsible_name, responsible_phone, medical_observations, status) VALUES (94, '2025-08-08 10:49:30.646313+00', 'MARILENE MACIEL', '02574483812', '1956-06-01', '', '19920014815', true, '13060744', 'Rua Rúbens Roberto Ciolfi', '452', '', 'Parque Residencial Vila União', 'Campinas', 'SP', '', '', '', 'inativo');
INSERT INTO public.students (id, created_at, name, cpf, birth_date, email, phone, is_whatsapp, cep, street, number, complement, neighborhood, city, state, responsible_name, responsible_phone, medical_observations, status) VALUES (95, '2025-08-11 11:52:28.833111+00', 'DALVA PINTO', '25643129850', '1958-05-08', '', '19971224835', true, '13050812', 'Rua Antônio Martins de Oliveira', '267', '', 'Jardim Capivari', 'Campinas', 'SP', '', '', '', 'ativo');
INSERT INTO public.students (id, created_at, name, cpf, birth_date, email, phone, is_whatsapp, cep, street, number, complement, neighborhood, city, state, responsible_name, responsible_phone, medical_observations, status) VALUES (96, '2025-08-11 11:58:50.3754+00', 'LUCIANO HENRIQUE VALADARES DE LIMA', '89836316191', '1981-01-19', '', '19974076292', true, '13060111', 'Rua Almirante Custódio José de Melo', '166', '', 'Jardim Novo Campos Elíseos', 'Campinas', 'SP', '', '', '', 'ativo');
INSERT INTO public.students (id, created_at, name, cpf, birth_date, email, phone, is_whatsapp, cep, street, number, complement, neighborhood, city, state, responsible_name, responsible_phone, medical_observations, status) VALUES (98, '2025-08-11 13:22:05.0447+00', 'ADELICE PEREIRA GUEDES', '27630195877', '1971-05-22', '', '19993735658', true, '13050570', 'Rua Indaiatuba', '109', '', 'Jardim Novo Campos Elíseos', 'Campinas', 'SP', '', '', '', 'ativo');
INSERT INTO public.students (id, created_at, name, cpf, birth_date, email, phone, is_whatsapp, cep, street, number, complement, neighborhood, city, state, responsible_name, responsible_phone, medical_observations, status) VALUES (99, '2025-08-11 13:27:53.780007+00', 'JEOVÁ DOS REIS RODRIGUES', '81928908306', '1952-01-06', '', '19996922067', true, '13060113', 'Rua Ozorino Ribeiro de Melo', '86', '', 'Jardim Novo Campos Elíseos', 'Campinas', 'SP', '', '', '', 'ativo');
INSERT INTO public.students (id, created_at, name, cpf, birth_date, email, phone, is_whatsapp, cep, street, number, complement, neighborhood, city, state, responsible_name, responsible_phone, medical_observations, status) VALUES (100, '2025-08-11 13:30:04.466002+00', 'MARIA ATILIA BENEDITO SANTOS', '32917328800', '1952-02-22', '', '19995309848', true, '13059647', 'Rua Doutor Mamed Hussein', '1247', '', 'Cidade Satélite Íris', 'Campinas', 'SP', '', '', '', 'ativo');
INSERT INTO public.students (id, created_at, name, cpf, birth_date, email, phone, is_whatsapp, cep, street, number, complement, neighborhood, city, state, responsible_name, responsible_phone, medical_observations, status) VALUES (101, '2025-08-11 13:32:41.882005+00', 'NEUSA ANTONIA DE OLIVEIRA', '10259940860', '1966-01-16', '', '19988487113', true, '13060834', 'Rua Paulo Altmann', '56', '', 'Jardim Ipaussurama', 'Campinas', 'SP', '', '', '', 'ativo');
INSERT INTO public.students (id, created_at, name, cpf, birth_date, email, phone, is_whatsapp, cep, street, number, complement, neighborhood, city, state, responsible_name, responsible_phone, medical_observations, status) VALUES (103, '2025-08-11 13:39:42.993599+00', 'THEO DA SILVA ARARUNA', NULL, '2023-09-23', '', '19989559431', true, '13060073', 'Rua Antônio Rodrigues Moreira Neto', '634', '', 'Jardim Paulicéia', 'Campinas', 'SP', 'MAYRA C. DA SILVA ARARUNA', '19989559431', '', 'ativo');
INSERT INTO public.students (id, created_at, name, cpf, birth_date, email, phone, is_whatsapp, cep, street, number, complement, neighborhood, city, state, responsible_name, responsible_phone, medical_observations, status) VALUES (104, '2025-08-11 14:06:47.249843+00', 'PEDRO SANTANA MATA ANDRADE', NULL, '2016-02-05', '', '11968156490', true, '13059655', 'Rua Petronila Maria do Espírito Santo', '', '', 'Cidade Satélite Íris', 'Campinas', 'SP', 'TAYNARA SANTANA', '11968156490', '', 'ativo');
INSERT INTO public.students (id, created_at, name, cpf, birth_date, email, phone, is_whatsapp, cep, street, number, complement, neighborhood, city, state, responsible_name, responsible_phone, medical_observations, status) VALUES (105, '2025-08-11 14:08:01.612617+00', 'MIGUEL DE LIMA SILVA', NULL, '2022-11-21', '', '19982035871', true, '13059606', 'Rua Percy Cornélio', '531', '', 'Cidade Satélite Íris', 'Campinas', 'SP', 'BEATRIZ MAYARA SILVA PEREIRA', '19982035871', '', 'ativo');
INSERT INTO public.students (id, created_at, name, cpf, birth_date, email, phone, is_whatsapp, cep, street, number, complement, neighborhood, city, state, responsible_name, responsible_phone, medical_observations, status) VALUES (106, '2025-08-11 14:11:46.173006+00', 'TEREZA JESUS DA SILVA', '08381858860', '1959-01-30', '', '19997253427', true, '13059017', 'Rua Raul Seixas', '957', '', 'Jardim Florence', 'Campinas', 'SP', '', '', '', 'ativo');
INSERT INTO public.students (id, created_at, name, cpf, birth_date, email, phone, is_whatsapp, cep, street, number, complement, neighborhood, city, state, responsible_name, responsible_phone, medical_observations, status) VALUES (107, '2025-08-11 14:16:07.702258+00', 'ISIS VICENTE MENDES', NULL, '2017-12-01', '', '19994119033', true, '13060330', 'Rua Odete de Camargo Santos Vieira Ceccarelli', '312', '', 'Jardim Roseira', 'Campinas', 'SP', 'DANIELLE CAMILA VINCENTE MENDES', '19994119033', '', 'ativo');
INSERT INTO public.students (id, created_at, name, cpf, birth_date, email, phone, is_whatsapp, cep, street, number, complement, neighborhood, city, state, responsible_name, responsible_phone, medical_observations, status) VALUES (108, '2025-08-11 14:17:33.721514+00', 'LUCCA GABRIEL SILVA DOS SANTOS', NULL, '2019-07-07', '', '19996955194', true, '13053317', 'Rua Justino Fernandes Serra', '415', '', 'Jardim São Domingos', 'Campinas', 'SP', 'LUCAS ALESSANRO DOS SANTOS', '19996955194', '', 'ativo');
INSERT INTO public.students (id, created_at, name, cpf, birth_date, email, phone, is_whatsapp, cep, street, number, complement, neighborhood, city, state, responsible_name, responsible_phone, medical_observations, status) VALUES (109, '2025-08-11 14:26:28.735845+00', 'LUCAS DE MATOS DE SOUZA', NULL, '2021-07-16', '', '19981397672', true, '13059648', 'Rua Nivaldo Alves Bonilha', '902', '', 'Cidade Satélite Íris', 'Campinas', 'SP', 'MARIA CONCEIÇÃO CARNEIRO', '19981397672', '', 'ativo');
INSERT INTO public.students (id, created_at, name, cpf, birth_date, email, phone, is_whatsapp, cep, street, number, complement, neighborhood, city, state, responsible_name, responsible_phone, medical_observations, status) VALUES (110, '2025-08-11 14:27:46.015616+00', 'LEONARDO MATOS DE SOUZA', NULL, '2021-07-16', '', '19981397672', true, '13059648', 'Rua Nivaldo Alves Bonilha', '902', '', 'Cidade Satélite Íris', 'Campinas', 'SP', 'MARIA CONCEIÇÃO CARNEIRO', '19981397672', '', 'ativo');
INSERT INTO public.students (id, created_at, name, cpf, birth_date, email, phone, is_whatsapp, cep, street, number, complement, neighborhood, city, state, responsible_name, responsible_phone, medical_observations, status) VALUES (112, '2025-08-11 14:36:48.817415+00', 'BETINA CARVALHO RODRIGUES', NULL, '2020-10-02', '', '19988301892', true, '13060298', 'Rua 20', '30', '', 'Jardim Ibirapuera', 'Campinas', 'SP', 'FERNANDO CARVALHO DE SOUZA', '19988301892', '', 'ativo');
INSERT INTO public.students (id, created_at, name, cpf, birth_date, email, phone, is_whatsapp, cep, street, number, complement, neighborhood, city, state, responsible_name, responsible_phone, medical_observations, status) VALUES (113, '2025-08-11 14:41:28.661505+00', 'MOISES SAMUEL DAGA', NULL, '2020-04-16', '', '19991431061', true, '13040550', 'Rua Peruíbe', '285', '', 'Vila Campos Sales', 'Campinas', 'SP', 'ADRIELLE CRISTINA ALVES DAGA', '19988301892', '', 'ativo');
INSERT INTO public.students (id, created_at, name, cpf, birth_date, email, phone, is_whatsapp, cep, street, number, complement, neighborhood, city, state, responsible_name, responsible_phone, medical_observations, status) VALUES (114, '2025-08-11 14:46:05.363957+00', 'MARIA APARECIDA FALCIROLI', NULL, '1950-05-01', '', '19992921980', true, '13060033', 'Rua Conselheiro Martim Francisco', '261', '', 'Jardim Campos Elíseos', 'Campinas', 'SP', '', '', '', 'ativo');
INSERT INTO public.students (id, created_at, name, cpf, birth_date, email, phone, is_whatsapp, cep, street, number, complement, neighborhood, city, state, responsible_name, responsible_phone, medical_observations, status) VALUES (111, '2025-08-11 14:34:26.885586+00', 'MARIA EUNICE DOS ANJOS', '82242763920', '1961-05-17', '', '19993834625', true, '13060701', 'Rua Professor Silvano Lopes Castro', '', '', 'Parque Residencial Vila União', 'Campinas', 'SP', '', '', '', 'ativo');
INSERT INTO public.students (id, created_at, name, cpf, birth_date, email, phone, is_whatsapp, cep, street, number, complement, neighborhood, city, state, responsible_name, responsible_phone, medical_observations, status) VALUES (115, '2025-08-13 13:11:06.258863+00', 'MATHEUS VINICIUS CAMARGO MORAES', '41465594809', '1999-12-26', '', '19982809220', true, '13100430', 'CAPISTRANO DE ABREU', '247', '', 'Jardim Proença I', 'Campinas', 'SP', '', '', '', 'ativo');
INSERT INTO public.students (id, created_at, name, cpf, birth_date, email, phone, is_whatsapp, cep, street, number, complement, neighborhood, city, state, responsible_name, responsible_phone, medical_observations, status) VALUES (116, '2025-08-13 13:14:59.360074+00', 'GABRIELA DE SOUZA MATHIAS', NULL, '2018-11-05', '', '19988389030', true, '13060502', 'RUA DOMINGOS', '82', '', 'Jardim Santa Lúcia', 'Campinas', 'SP', 'ANDREZA SE SOUZA MATHIAS', '19988389030', '', 'ativo');
INSERT INTO public.students (id, created_at, name, cpf, birth_date, email, phone, is_whatsapp, cep, street, number, complement, neighborhood, city, state, responsible_name, responsible_phone, medical_observations, status) VALUES (117, '2025-08-14 12:02:43.925965+00', 'LUCAS DAMASIO MOREIRA', NULL, '2015-08-25', '', '19994363680', true, '13060053', 'RUA DA PAZ', '95', '', 'Jardim Campos Elíseos', 'Campinas', 'SP', 'ELAINE DE SOUZA DAMASIO', '19994363680', '', 'ativo');
INSERT INTO public.students (id, created_at, name, cpf, birth_date, email, phone, is_whatsapp, cep, street, number, complement, neighborhood, city, state, responsible_name, responsible_phone, medical_observations, status) VALUES (118, '2025-08-14 12:47:51.597946+00', 'FERNANDO PAULO DE LIMA', '32621288804', '1987-08-01', '', '31975314978', true, '13050572', 'RUA VINHEDO', '198', '', 'Jardim Novo Campos Elíseos', 'Campinas', 'SP', '', '', '', 'ativo');
INSERT INTO public.students (id, created_at, name, cpf, birth_date, email, phone, is_whatsapp, cep, street, number, complement, neighborhood, city, state, responsible_name, responsible_phone, medical_observations, status) VALUES (119, '2025-08-14 12:49:58.510279+00', 'NICOLE MARTINUCCI MARTINS', NULL, '2019-10-15', '', '19983790530', true, '13061254', 'RUA VALENTIM CEGALHO', '191', '', 'Vila Castelo Branco', 'Campinas', 'SP', 'THATIANA MARTINUCCI MIGUEL', '19983790530', '', 'ativo');
INSERT INTO public.students (id, created_at, name, cpf, birth_date, email, phone, is_whatsapp, cep, street, number, complement, neighborhood, city, state, responsible_name, responsible_phone, medical_observations, status) VALUES (121, '2025-08-14 12:54:02.521102+00', 'SARA REBECA DEDOTTI', '48960334855', '2000-09-25', '', '19999303368', true, '13060111', 'RUA ALMEIRANTE CUSTODIO JOSE DE MELO', '351', '', 'Jardim Novo Campos Elíseos', 'Campinas', 'SP', '', '', '', 'ativo');
INSERT INTO public.students (id, created_at, name, cpf, birth_date, email, phone, is_whatsapp, cep, street, number, complement, neighborhood, city, state, responsible_name, responsible_phone, medical_observations, status) VALUES (120, '2025-08-14 12:52:10.441447+00', 'ROSELI MARIA CONCEIÇÃO SILVA', '27509560802', '1977-03-19', '', '19974191309', true, '13060760', 'Rua Antônio Mokarzel', '97', '', 'Parque Residencial Vila União', 'Campinas', 'SP', '', '', '', 'ativo');
INSERT INTO public.students (id, created_at, name, cpf, birth_date, email, phone, is_whatsapp, cep, street, number, complement, neighborhood, city, state, responsible_name, responsible_phone, medical_observations, status) VALUES (122, '2025-08-14 12:56:58.192652+00', 'IZABELLA FERRETI DE SOUZA', '46994895831', '1996-09-24', '', '19994495335', true, '13060410', 'RUA MICHAEL ROBERT KAAN', '377', 'B', 'Jardim Novo Campos Elíseos', 'Campinas', 'SP', '', '', '', 'ativo');
INSERT INTO public.students (id, created_at, name, cpf, birth_date, email, phone, is_whatsapp, cep, street, number, complement, neighborhood, city, state, responsible_name, responsible_phone, medical_observations, status) VALUES (123, '2025-08-14 13:01:41.432805+00', 'MARIA LUIZA FONSECA DE SOUZA', '22041071826', '2011-11-26', '', '19999449008', true, '13060858', 'AVENIDA PRESIDENTE JUCELINO', '1573', '', 'Jardim Campos Elíseos', 'Campinas', 'SP', 'ANGÉLICA FONSECA BARBOSA', '19999449008', '', 'ativo');
INSERT INTO public.students (id, created_at, name, cpf, birth_date, email, phone, is_whatsapp, cep, street, number, complement, neighborhood, city, state, responsible_name, responsible_phone, medical_observations, status) VALUES (124, '2025-08-14 13:08:28.417002+00', 'ALEKSANDER GHANCOSCI TIBURCIO', NULL, '2020-11-02', '', '19988724527', true, '13060221', 'RUA PASSAGEM DA UNIÃO ', '105', '', 'Jardim Londres', 'Campinas', 'SP', 'SHEILA APARECIDA DOS SANTOS GHNCOSCI', '19988724527', '', 'ativo');
INSERT INTO public.students (id, created_at, name, cpf, birth_date, email, phone, is_whatsapp, cep, street, number, complement, neighborhood, city, state, responsible_name, responsible_phone, medical_observations, status) VALUES (125, '2025-08-28 11:10:56.381083+00', 'CLAUDIO OLAVO DA SILVA JUNIOR', '22259095801', '1981-12-05', '', '19995707739', true, '13050435', 'PADRE DONIZEE TAVARES DE LIMA', '1055', '', 'Cidade Jardim', 'Campinas', 'SP', '', '', '', 'ativo');
INSERT INTO public.students (id, created_at, name, cpf, birth_date, email, phone, is_whatsapp, cep, street, number, complement, neighborhood, city, state, responsible_name, responsible_phone, medical_observations, status) VALUES (126, '2025-08-28 11:12:16.499724+00', 'FABIANA NASCIMENTO DA SILVA', '31909100811', '1985-01-18', '', '19995707039', true, '13050435', 'PADRE DONIZEE TAVARES DE LIMA', '1055', '', 'Cidade Jardim', 'Campinas', 'SP', '', '', '', 'ativo');
INSERT INTO public.students (id, created_at, name, cpf, birth_date, email, phone, is_whatsapp, cep, street, number, complement, neighborhood, city, state, responsible_name, responsible_phone, medical_observations, status) VALUES (127, '2025-08-28 13:28:26.261771+00', 'MARIA ANTONELA RABELO BEZERRA DE SOUZA', NULL, '2018-11-07', '', '11958333604', true, '13060726', 'Rua Paulo Vianna de Souza', '270', 'BL E AP 11', 'Parque Residencial Vila União', 'Campinas', 'SP', 'FABIANA RABELO DE ASSIS', '11958333604', '', 'ativo');
INSERT INTO public.students (id, created_at, name, cpf, birth_date, email, phone, is_whatsapp, cep, street, number, complement, neighborhood, city, state, responsible_name, responsible_phone, medical_observations, status) VALUES (128, '2025-08-28 14:07:22.471722+00', 'MURILO DE LIMA SOFA', NULL, '2023-05-22', '', '19996855727', true, '13060059', 'Rua Sílvia Leite de Godoy', '221', '', 'Jardim Campos Elíseos', 'Campinas', 'SP', 'LUCIA APARECIDA ARAGÃO DE LIMA', '19996855727', '', 'ativo');
INSERT INTO public.students (id, created_at, name, cpf, birth_date, email, phone, is_whatsapp, cep, street, number, complement, neighborhood, city, state, responsible_name, responsible_phone, medical_observations, status) VALUES (130, '2025-08-28 14:10:04.899863+00', 'MARCOS VINICIUS DOS SANTOS', '35371904840', '1988-02-28', '', '19991409831', true, '13050750', 'Rua Agnaldo Saturnino Rocha', '52', '', 'Parque Ipiranga', 'Campinas', 'SP', '', '', '', 'ativo');
INSERT INTO public.students (id, created_at, name, cpf, birth_date, email, phone, is_whatsapp, cep, street, number, complement, neighborhood, city, state, responsible_name, responsible_phone, medical_observations, status) VALUES (131, '2025-08-28 14:11:19.880605+00', 'CAIO DA SILVA', NULL, '1994-11-17', '', '19989176562', true, '13060734', 'Rua Albert Sabin', '84', '', 'Parque Residencial Vila União', 'Campinas', 'SP', '', '', '', 'ativo');
INSERT INTO public.students (id, created_at, name, cpf, birth_date, email, phone, is_whatsapp, cep, street, number, complement, neighborhood, city, state, responsible_name, responsible_phone, medical_observations, status) VALUES (132, '2025-08-28 14:12:31.482968+00', 'LAURA GODOI GALHARDO NASCIMENTO', NULL, '2016-05-17', '', '19981900653', true, '13060866', 'Avenida Marechal Juarez Távora', '746', '', 'Jardim Campos Elíseos', 'Campinas', 'SP', 'SELMA APARECIDA ALVS DE GODOI', '19981900653', '', 'ativo');
INSERT INTO public.students (id, created_at, name, cpf, birth_date, email, phone, is_whatsapp, cep, street, number, complement, neighborhood, city, state, responsible_name, responsible_phone, medical_observations, status) VALUES (133, '2025-08-28 14:16:45.989184+00', 'HELOISE RAPELA PIGA ROQUE', NULL, '2022-12-11', '', '19995986488', true, '13052444', 'Rua Corumbataí', '215', '', 'Jardim Itatinga', 'Campinas', 'SP', 'RONE SAMUEL ROQUE', '19995986488', '', 'ativo');
INSERT INTO public.students (id, created_at, name, cpf, birth_date, email, phone, is_whatsapp, cep, street, number, complement, neighborhood, city, state, responsible_name, responsible_phone, medical_observations, status) VALUES (135, '2025-09-02 10:58:15.36505+00', 'LUIZA GOMIDE LANA', NULL, '2018-02-05', '', '19971590331', true, '13060358', 'Avenida Homero Vasconcelos de Souza Camargo', '1088', '', 'Residencial Parque da Fazenda', 'Campinas', 'SP', 'RODRIGO LANA', '19971590331', '', 'ativo');
INSERT INTO public.students (id, created_at, name, cpf, birth_date, email, phone, is_whatsapp, cep, street, number, complement, neighborhood, city, state, responsible_name, responsible_phone, medical_observations, status) VALUES (136, '2025-09-02 11:00:14.88914+00', 'RODRIGO LANA', '03930328682', '1978-10-07', '', '19971390331', true, '13060358', 'Avenida Homero Vasconcelos de Souza Camargo', '1088', '', 'Residencial Parque da Fazenda', 'Campinas', 'SP', '', '', '', 'ativo');
INSERT INTO public.students (id, created_at, name, cpf, birth_date, email, phone, is_whatsapp, cep, street, number, complement, neighborhood, city, state, responsible_name, responsible_phone, medical_observations, status) VALUES (129, '2025-08-28 14:08:28.723212+00', 'ROSANGELA SATURNINO DE OLIVEIRA', '36785779898', '1989-04-06', '', '19971191312', true, '13060860', 'Rua Doutor Sylvio Carvalhaes', '170', 'BLE AP 32', 'Jardim Campos Elíseos', 'Campinas', 'SP', '', '', '', 'ativo');
INSERT INTO public.students (id, created_at, name, cpf, birth_date, email, phone, is_whatsapp, cep, street, number, complement, neighborhood, city, state, responsible_name, responsible_phone, medical_observations, status) VALUES (137, '2025-09-02 11:03:02.637628+00', 'ELIZABETH FRANCISCA DE OLIVEIRA CASTRO', '22090184809', '1957-11-08', '', '19982962875', true, '13060063', 'Rua Ruy Pupo Campos Ferreira', '', 'CAMINHO 5', 'Jardim Campos Elíseos', 'Campinas', 'SP', '', '', '', 'ativo');
INSERT INTO public.students (id, created_at, name, cpf, birth_date, email, phone, is_whatsapp, cep, street, number, complement, neighborhood, city, state, responsible_name, responsible_phone, medical_observations, status) VALUES (138, '2025-09-02 11:27:11.881865+00', 'JOÃO NACHBAR BATISTA', NULL, '2019-01-23', '', '19992372998', true, '13060043', 'Rua Professor Jairo Ramos', '169', '', 'Jardim Campos Elíseos', 'Campinas', 'SP', 'RENATA NACHBAR BATISTA', '19992372998', '', 'ativo');
INSERT INTO public.students (id, created_at, name, cpf, birth_date, email, phone, is_whatsapp, cep, street, number, complement, neighborhood, city, state, responsible_name, responsible_phone, medical_observations, status) VALUES (163, '2025-09-18 12:41:12.239438+00', 'TATIANE CENA DE MELLO', '22408378885', '1981-08-30', '', '19994669980', true, '13050191', 'Rua Ângela Russo Tafner', '155', '', 'Loteamento Country Ville', 'Campinas', 'SP', '', '', '', 'inativo');
INSERT INTO public.students (id, created_at, name, cpf, birth_date, email, phone, is_whatsapp, cep, street, number, complement, neighborhood, city, state, responsible_name, responsible_phone, medical_observations, status) VALUES (140, '2025-09-02 12:08:40.001535+00', 'REBECA FAUSTINO PEGORARI', NULL, '2015-03-18', '', '19982873449', true, '13060864', 'Avenida Paulo Provenza Sobrinho', '563', '', 'Jardim Campos Elíseos', 'Campinas', 'SP', 'DAMARIS FAUSTINO PEGORARI', '19982873449', '', 'ativo');
INSERT INTO public.students (id, created_at, name, cpf, birth_date, email, phone, is_whatsapp, cep, street, number, complement, neighborhood, city, state, responsible_name, responsible_phone, medical_observations, status) VALUES (142, '2025-09-02 12:10:53.553464+00', 'LIVIA DE FREITAS SOUZA', NULL, '2015-09-20', '', '19991360046', true, '13050522', 'Rua Irídio', '155', '', 'Vila Rica', 'Campinas', 'SP', 'ANA LUIZA DE FREITAS SOUZA', '19991360046', '', 'ativo');
INSERT INTO public.students (id, created_at, name, cpf, birth_date, email, phone, is_whatsapp, cep, street, number, complement, neighborhood, city, state, responsible_name, responsible_phone, medical_observations, status) VALUES (144, '2025-09-02 12:12:56.974973+00', 'NATAN ROSA DE OLIVEIRA ', NULL, '2019-10-14', '', '19988379923', true, '13060659', 'Rua Alberto Carlos Dupas Valin', '', '', 'Vila Palácios', 'Campinas', 'SP', 'SHIRLEI CRISIA ROSA DA SILVA', '19988379923', '', 'ativo');
INSERT INTO public.students (id, created_at, name, cpf, birth_date, email, phone, is_whatsapp, cep, street, number, complement, neighborhood, city, state, responsible_name, responsible_phone, medical_observations, status) VALUES (145, '2025-09-02 12:14:18.835701+00', 'NEUSA APARECIDA PEREIRA DA SILVA', '07955380819', '1964-01-10', '', '19991444204', true, '13059192', 'Rua Vera Lúcia Tognolo Aggio', '64', 'BL12 AP13', 'Residencial Sírius', 'Campinas', 'SP', '', '', '', 'ativo');
INSERT INTO public.students (id, created_at, name, cpf, birth_date, email, phone, is_whatsapp, cep, street, number, complement, neighborhood, city, state, responsible_name, responsible_phone, medical_observations, status) VALUES (146, '2025-09-02 12:21:23.735337+00', 'ALDETE IZIDORO', '27830223890', '1977-08-27', '', '19971625982', true, '13060012', 'Rua Umberto Vetoratto', '124', '', 'Jardim Ipiranga', 'Campinas', 'SP', '', '', '', 'ativo');
INSERT INTO public.students (id, created_at, name, cpf, birth_date, email, phone, is_whatsapp, cep, street, number, complement, neighborhood, city, state, responsible_name, responsible_phone, medical_observations, status) VALUES (147, '2025-09-02 12:23:12.546465+00', 'HELOISA FREITAS ROCHA', NULL, '2022-05-28', '', '19974199799', true, '13060314', 'Avenida Brasília', '1156', '', 'Jardim Roseira', 'Campinas', 'SP', 'JHONATHAN ROCHA', '19974199799', '', 'ativo');
INSERT INTO public.students (id, created_at, name, cpf, birth_date, email, phone, is_whatsapp, cep, street, number, complement, neighborhood, city, state, responsible_name, responsible_phone, medical_observations, status) VALUES (148, '2025-09-02 12:25:21.110814+00', 'CECILIA FREITAS ROCHA', NULL, '2015-06-03', '', '19974199799', true, '13060314', 'Avenida Brasília', '1156', '', 'Jardim Roseira', 'Campinas', 'SP', 'JONATHAN ROCHA', '19974199799', '', 'ativo');
INSERT INTO public.students (id, created_at, name, cpf, birth_date, email, phone, is_whatsapp, cep, street, number, complement, neighborhood, city, state, responsible_name, responsible_phone, medical_observations, status) VALUES (149, '2025-09-02 12:27:54.828214+00', 'ICARO JOSÉ MORAES MENDONÇA', NULL, '2020-03-24', '', '19974017922', true, '13053240', 'Avenida Joaquim Olavo Sampaio', '150', '', 'Vila Palmeiras I', 'Campinas', 'SP', 'ANDREZA CARVALHO MENDONÇA', '19974017922', '', 'ativo');
INSERT INTO public.students (id, created_at, name, cpf, birth_date, email, phone, is_whatsapp, cep, street, number, complement, neighborhood, city, state, responsible_name, responsible_phone, medical_observations, status) VALUES (151, '2025-09-11 10:46:43.319647+00', 'ANA PAULA MESSIAS NASCIMENTO', '23018234820', '1987-04-28', '', '19988900520', true, '13060228', 'Rua José Amâncio Cucatti', '312', '', 'Jardim Londres', 'Campinas', 'SP', '', '', '', 'ativo');
INSERT INTO public.students (id, created_at, name, cpf, birth_date, email, phone, is_whatsapp, cep, street, number, complement, neighborhood, city, state, responsible_name, responsible_phone, medical_observations, status) VALUES (152, '2025-09-11 10:48:40.350981+00', 'PIETRO LORENZO DANTAS DOS SANTOS', NULL, '2018-06-13', '', '19994989855', true, '13060067', 'Rua Mário Ribeiro do Amaral', '405', '', 'Jardim Campos Elíseos', 'Campinas', 'SP', 'TAIS DANTAS DOS SANTOS', '19994989855', '', 'ativo');
INSERT INTO public.students (id, created_at, name, cpf, birth_date, email, phone, is_whatsapp, cep, street, number, complement, neighborhood, city, state, responsible_name, responsible_phone, medical_observations, status) VALUES (153, '2025-09-11 10:51:03.50734+00', 'LUCAS SANTOS VIANA', NULL, '2016-01-23', '', '19982375094', true, '13060073', 'Rua Antônio Rodrigues Moreira Neto', '144', '', 'Jardim Paulicéia', 'Campinas', 'SP', 'ANA GDS', '19982375094', '', 'ativo');
INSERT INTO public.students (id, created_at, name, cpf, birth_date, email, phone, is_whatsapp, cep, street, number, complement, neighborhood, city, state, responsible_name, responsible_phone, medical_observations, status) VALUES (154, '2025-09-11 10:52:26.935404+00', 'ROBERTA JANAINA CARNAUSKAS QUIONHA', '22428964828', '1982-01-03', '', '19983195730', true, '13061221', 'Rua Curiango', '61', '', 'Vila Padre Manoel de Nóbrega', 'Campinas', 'SP', '', '', '', 'ativo');
INSERT INTO public.students (id, created_at, name, cpf, birth_date, email, phone, is_whatsapp, cep, street, number, complement, neighborhood, city, state, responsible_name, responsible_phone, medical_observations, status) VALUES (155, '2025-09-11 10:53:42.263949+00', 'PAULA REGINA DE CAMARGO', '26420780861', '1974-03-03', '', '19981368422', true, '13060721', 'Rua Dona Esmeralda Oliveira Mathias', '220', 'BL M AP 34', 'Parque Residencial Vila União', 'Campinas', 'SP', '', '', '', 'ativo');
INSERT INTO public.students (id, created_at, name, cpf, birth_date, email, phone, is_whatsapp, cep, street, number, complement, neighborhood, city, state, responsible_name, responsible_phone, medical_observations, status) VALUES (156, '2025-09-11 10:54:46.767163+00', 'LUZINEIDE BASILIO DE OLIVEIRA', '87165538704', '1964-07-19', '', '19982071073', true, '13060064', 'Rua Luís Carlos Miami', '283', '', 'Jardim Campos Elíseos', 'Campinas', 'SP', '', '', '', 'ativo');
INSERT INTO public.students (id, created_at, name, cpf, birth_date, email, phone, is_whatsapp, cep, street, number, complement, neighborhood, city, state, responsible_name, responsible_phone, medical_observations, status) VALUES (157, '2025-09-11 10:55:48.686477+00', 'MARIA JOSÉ DE OLIVEIRA', '06197517892', '1962-10-03', '', '11975501694', true, '13060190', 'Rua Domício Pacheco e Silva', '88', 'BL C AP12', 'Jardim Novo Campos Elíseos', 'Campinas', 'SP', '', '', '', 'ativo');
INSERT INTO public.students (id, created_at, name, cpf, birth_date, email, phone, is_whatsapp, cep, street, number, complement, neighborhood, city, state, responsible_name, responsible_phone, medical_observations, status) VALUES (150, '2025-09-02 12:29:14.585576+00', 'LUIZA ALVES VIEIRA', NULL, '2020-03-30', '', '19981907320', true, '13060380', 'Rua Belo Horizonte', '250', '', 'Vila Perseu Leite de Barros', 'Campinas', 'SP', 'JESSICA ALVES VIEIRA', '19981907320', '', 'ativo');
INSERT INTO public.students (id, created_at, name, cpf, birth_date, email, phone, is_whatsapp, cep, street, number, complement, neighborhood, city, state, responsible_name, responsible_phone, medical_observations, status) VALUES (158, '2025-09-11 11:18:36.103141+00', 'VALKIRIA TEIXEIRA DE SOUZA', '18778643821', '1975-02-02', '', '19988072093', true, '13060045', 'Rua Danilo Glauco Pereira Villagelin', '504', '', 'Jardim Campos Elíseos', 'Campinas', 'SP', '', '', '', 'ativo');
INSERT INTO public.students (id, created_at, name, cpf, birth_date, email, phone, is_whatsapp, cep, street, number, complement, neighborhood, city, state, responsible_name, responsible_phone, medical_observations, status) VALUES (159, '2025-09-11 13:04:37.006101+00', 'MARILDA MACEDO MACHADO', '18215055818', '1967-08-02', '', '19984262888', true, '13059658', 'Rua Josepha Júlia Doval de Oliveira', '325', '', 'Cidade Satélite Íris', 'Campinas', 'SP', '', '', '', 'ativo');
INSERT INTO public.students (id, created_at, name, cpf, birth_date, email, phone, is_whatsapp, cep, street, number, complement, neighborhood, city, state, responsible_name, responsible_phone, medical_observations, status) VALUES (160, '2025-09-11 13:05:58.14763+00', 'ESTER ARARUNA NUNES', NULL, '2019-08-05', '', '19988298633', true, '13060489', 'Rua Madre Tereza de Calcutá', '360', 'BL 10 AP 01', 'Jardim Santa Lúcia', 'Campinas', 'SP', 'MICHELLE ARARUNA FELIPE NUNES', '19988298633', '', 'ativo');
INSERT INTO public.students (id, created_at, name, cpf, birth_date, email, phone, is_whatsapp, cep, street, number, complement, neighborhood, city, state, responsible_name, responsible_phone, medical_observations, status) VALUES (22, '2025-08-04 10:53:17.477418+00', 'EMANUELLY DUARTE SILVA TERRITO', NULL, '2021-12-26', '', '19986021705', true, '13058286', 'Rua Professor Casemiro dos Reis Filho', '222', '', 'Loteamento Residencial Novo Mundo', 'Campinas', 'SP', 'JAQUELINE DUARTE SILVA ', '19986021705', '', 'ativo');
INSERT INTO public.students (id, created_at, name, cpf, birth_date, email, phone, is_whatsapp, cep, street, number, complement, neighborhood, city, state, responsible_name, responsible_phone, medical_observations, status) VALUES (164, '2025-10-13 13:33:22.054783+00', 'VERA LUCIA FELIZ FRANQUI', '23745380959', '1954-12-11', NULL, '19991865360', true, '13060190', 'RUA DOMICIO PACHECO', '88', 'BL C AP 1', 'Jardim Novo Campos Elíseos', 'Campinas', 'SP', NULL, NULL, NULL, 'ativo');
INSERT INTO public.students (id, created_at, name, cpf, birth_date, email, phone, is_whatsapp, cep, street, number, complement, neighborhood, city, state, responsible_name, responsible_phone, medical_observations, status) VALUES (165, '2025-10-13 13:44:07.691383+00', 'MATHEO DE JESUS SILVA', NULL, '2022-11-08', NULL, '19974168311', true, '13060006', 'RUA ANTONIO VIAMMECHAIS', '165', NULL, 'Jardim Anchieta', 'Campinas', 'SP', 'RENATA CRISTINE S. FERREIRA', '19974168311', NULL, 'ativo');
INSERT INTO public.students (id, created_at, name, cpf, birth_date, email, phone, is_whatsapp, cep, street, number, complement, neighborhood, city, state, responsible_name, responsible_phone, medical_observations, status) VALUES (64, '2025-08-04 13:16:50.236485+00', 'ANA LUCIA BARBOSA DE SOUZA SILVA', '12079653830', '1964-05-26', '', '19987109269', true, '13060533', 'Rua Laércio Monzani', '312', '', 'Parque Tropical', 'Campinas', 'SP', '', '', '', 'ativo');
INSERT INTO public.students (id, created_at, name, cpf, birth_date, email, phone, is_whatsapp, cep, street, number, complement, neighborhood, city, state, responsible_name, responsible_phone, medical_observations, status) VALUES (65, '2025-08-04 13:18:05.308697+00', 'LARISSA CHAVES MENESES', NULL, '2022-03-16', '', '19991362284', true, '13060314', 'Avenida Brasília', '1031', '', 'Jardim Roseira', 'Campinas', 'SP', 'SILMARA DA SILVA CHAVES MENESES', '19991362284', '', 'inativo');
INSERT INTO public.students (id, created_at, name, cpf, birth_date, email, phone, is_whatsapp, cep, street, number, complement, neighborhood, city, state, responsible_name, responsible_phone, medical_observations, status) VALUES (166, '2025-10-16 12:01:43.284702+00', 'MARIA ANTONIA SILVESTRINE GOMES', '15575714810', NULL, NULL, '19994756844', true, '13060380', 'RUA BELO HORIZONTE', '30', NULL, 'Vila Perseu Leite de Barros', 'Campinas', 'SP', NULL, NULL, NULL, 'ativo');
INSERT INTO public.students (id, created_at, name, cpf, birth_date, email, phone, is_whatsapp, cep, street, number, complement, neighborhood, city, state, responsible_name, responsible_phone, medical_observations, status) VALUES (139, '2025-09-02 11:46:14.281822+00', 'LIDIA ALVES BUENO', '26388973884', '1957-10-22', '', '19982873449', true, '13060864', 'Avenida Paulo Provenza Sobrinho', '', '', 'Jardim Campos Elíseos', 'Campinas', 'SP', '', '', '', 'ativo');
INSERT INTO public.students (id, created_at, name, cpf, birth_date, email, phone, is_whatsapp, cep, street, number, complement, neighborhood, city, state, responsible_name, responsible_phone, medical_observations, status) VALUES (141, '2025-09-02 12:09:36.343596+00', 'SAMUEL DAGA', '37853418817', '1989-09-22', '', '19992457022', true, '13060747', 'Rua William Faracini', '231', '', 'Parque Residencial Vila União', 'Campinas', 'SP', '', '', '', 'inativo');
INSERT INTO public.students (id, created_at, name, cpf, birth_date, email, phone, is_whatsapp, cep, street, number, complement, neighborhood, city, state, responsible_name, responsible_phone, medical_observations, status) VALUES (143, '2025-09-02 12:11:51.650859+00', 'IRENE MARQUES DOS SANTOS', '14999458845', '1967-04-01', '', '19993246654', true, '13060702', 'Rua Célio dos Santos Ferreira', '278', '', 'Parque Residencial Vila União', 'Campinas', 'SP', '', '', '', 'inativo');
INSERT INTO public.students (id, created_at, name, cpf, birth_date, email, phone, is_whatsapp, cep, street, number, complement, neighborhood, city, state, responsible_name, responsible_phone, medical_observations, status) VALUES (167, '2025-10-16 14:44:34.834152+00', 'MILENA APOLINÁRIO BUENO', NULL, '2020-02-12', '', '19986095620', true, '13060380', 'RUA BELO HORIZONTE', '250', '', 'Vila Perseu Leite de Barros', 'CAMPINAS', 'SP', 'CARLA ROBERTA', '19986095620', '', 'ativo');
INSERT INTO public.students (id, created_at, name, cpf, birth_date, email, phone, is_whatsapp, cep, street, number, complement, neighborhood, city, state, responsible_name, responsible_phone, medical_observations, status) VALUES (168, '2025-10-17 14:13:46.28979+00', 'ZELIA APARECIDA ARAUJO', '09396368830', '1958-07-03', NULL, '19974038845', true, '13060740', 'RUA JOSÉ LOURENÇO DE SÁ', '921', NULL, 'Parque Residencial Vila União', 'Campinas', 'SP', NULL, NULL, NULL, 'ativo');
INSERT INTO public.students (id, created_at, name, cpf, birth_date, email, phone, is_whatsapp, cep, street, number, complement, neighborhood, city, state, responsible_name, responsible_phone, medical_observations, status) VALUES (169, '2025-10-20 13:49:03.017481+00', 'BERNARDO SOARES ANDREO', NULL, '2022-04-29', NULL, '19971538181', true, '13050411', 'RUA JOANAPOLIS', '96', NULL, 'Cidade Jardim', 'Campinas', 'SP', 'RISONEIDE SOARES ANDREO', '19971538181', NULL, 'ativo');
INSERT INTO public.students (id, created_at, name, cpf, birth_date, email, phone, is_whatsapp, cep, street, number, complement, neighborhood, city, state, responsible_name, responsible_phone, medical_observations, status) VALUES (170, '2025-10-20 14:01:09.178203+00', 'LEONARDO BLEY PENIDO', NULL, '2017-10-27', NULL, '19991835994', true, '13060824', 'RUA JULIO TIM', '600', NULL, 'Jardim Ipaussurama', 'Campinas', 'SP', 'TAMARA REGINA BLEY PENIDO', '19991835994', NULL, 'ativo');
INSERT INTO public.students (id, created_at, name, cpf, birth_date, email, phone, is_whatsapp, cep, street, number, complement, neighborhood, city, state, responsible_name, responsible_phone, medical_observations, status) VALUES (171, '2025-10-20 14:19:46.867564+00', 'MARIAHA MARTA DE PAULA SILVA', NULL, '2025-07-27', NULL, '19988155109', true, '13061324', 'RUA SIRIEMA', '63', NULL, 'Vila Padre Manoel de Nóbrega', 'Campinas', 'SP', 'CINTIA DAS DORES MARTA SILVA', '19988155109', NULL, 'ativo');
INSERT INTO public.students (id, created_at, name, cpf, birth_date, email, phone, is_whatsapp, cep, street, number, complement, neighborhood, city, state, responsible_name, responsible_phone, medical_observations, status) VALUES (172, '2025-10-20 14:22:58.940476+00', 'SARAH MARTA DE PAULA SILVA', NULL, '2025-10-23', NULL, '19988155109', true, '13061324', 'RUA SIRIEMA', '63', NULL, 'Vila Padre Manoel de Nóbrega', 'Campinas', 'SP', 'CINTIA DAS DORES MARTA SILVA', '19988155109', NULL, 'ativo');
INSERT INTO public.students (id, created_at, name, cpf, birth_date, email, phone, is_whatsapp, cep, street, number, complement, neighborhood, city, state, responsible_name, responsible_phone, medical_observations, status) VALUES (173, '2025-10-20 14:35:24.571762+00', 'ALICE MIRELLA MONTEIRO', NULL, '2018-05-04', '', '19989161577', true, '13058488', 'Rua Che Guevara', '71', '', 'Jardim Nova Esperança', 'Campinas', 'SP', 'LUCILEIDE LIMA MONTEIRO', '19989161577', '', 'inativo');
INSERT INTO public.students (id, created_at, name, cpf, birth_date, email, phone, is_whatsapp, cep, street, number, complement, neighborhood, city, state, responsible_name, responsible_phone, medical_observations, status) VALUES (174, '2025-10-20 14:38:54.987834+00', 'ENZO GABRIEL MACHADO PIRES', NULL, '2025-10-21', NULL, '19983650380', true, '13052114', 'RUA VICTORIA PAVAN', NULL, NULL, 'Jardim Morumbi', 'Campinas', 'SP', 'JESSICA ALVES MACHADO', '19983650380', NULL, 'ativo');
INSERT INTO public.students (id, created_at, name, cpf, birth_date, email, phone, is_whatsapp, cep, street, number, complement, neighborhood, city, state, responsible_name, responsible_phone, medical_observations, status) VALUES (175, '2025-10-21 11:02:21.563564+00', 'JÉSSICA ALVES MACHADO', '46179628831', '1997-10-02', NULL, '19983650380', true, '13052114', 'RUA VICTORIA PAVAN', NULL, NULL, 'Jardim Morumbi', 'Campinas', 'SP', NULL, NULL, NULL, 'ativo');
INSERT INTO public.students (id, created_at, name, cpf, birth_date, email, phone, is_whatsapp, cep, street, number, complement, neighborhood, city, state, responsible_name, responsible_phone, medical_observations, status) VALUES (177, '2025-10-21 11:27:11.907496+00', 'LARISSA GONÇALVES DA SILVA', '07163740565', '1993-10-19', NULL, '19999917672', true, '13060112', 'Rua Francisco Bayardo', '473', NULL, 'Jardim Novo Campos Elíseos', 'Campinas', 'SP', NULL, NULL, NULL, 'ativo');
INSERT INTO public.students (id, created_at, name, cpf, birth_date, email, phone, is_whatsapp, cep, street, number, complement, neighborhood, city, state, responsible_name, responsible_phone, medical_observations, status) VALUES (178, '2025-10-21 11:40:20.857219+00', 'NILVA APARECIDA PAULINO', '06891372810', '1963-07-18', NULL, '19989905603', true, '13059001', 'AVENIDA NELSON FERREIRA DE SOUZA', '350', NULL, 'Jardim Florence', 'Campinas', 'SP', NULL, NULL, NULL, 'ativo');
INSERT INTO public.students (id, created_at, name, cpf, birth_date, email, phone, is_whatsapp, cep, street, number, complement, neighborhood, city, state, responsible_name, responsible_phone, medical_observations, status) VALUES (179, '2025-10-21 11:42:58.296921+00', 'ROBSON DE OLIVEIRA', '79994385615', '1971-12-01', NULL, '19974232453', true, '13050110', 'RUA JOÃO MEZALIRO', '28', NULL, 'Jardim Santa Amália', 'Campinas', 'SP', NULL, NULL, NULL, 'ativo');
INSERT INTO public.students (id, created_at, name, cpf, birth_date, email, phone, is_whatsapp, cep, street, number, complement, neighborhood, city, state, responsible_name, responsible_phone, medical_observations, status) VALUES (180, '2025-10-21 11:45:43.120688+00', 'LARISSA GONÇALVES CRISTINA DA SILVA', '46992196839', '1996-11-18', '', '19991523906', true, '13050110', 'RUA JOÃO MEZALIRO', '58', NULL, 'Jardim Santa Amália', 'Campinas', 'SP', NULL, NULL, NULL, 'ativo');
INSERT INTO public.students (id, created_at, name, cpf, birth_date, email, phone, is_whatsapp, cep, street, number, complement, neighborhood, city, state, responsible_name, responsible_phone, medical_observations, status) VALUES (181, '2025-10-21 11:57:49.351536+00', 'EDNALDA PINHEIRO DE ALMEIDA GARCIA', '27133433800', '1976-12-20', NULL, '19991847261', true, '13060254', NULL, '281', NULL, 'Jardim Londres', 'Campinas', 'SP', NULL, NULL, NULL, 'ativo');
INSERT INTO public.students (id, created_at, name, cpf, birth_date, email, phone, is_whatsapp, cep, street, number, complement, neighborhood, city, state, responsible_name, responsible_phone, medical_observations, status) VALUES (182, '2025-10-21 12:11:27.762631+00', 'VITORIA RAFAELA M RODRIGUES', NULL, '2018-03-08', NULL, '19985907561', true, '13031680', 'RUA JOÃO BATISTA ALVES DE SOUZA', '735', NULL, 'Parque Industrial', 'Campinas', 'SP', 'IRLANE', '19985907561', NULL, 'ativo');
INSERT INTO public.students (id, created_at, name, cpf, birth_date, email, phone, is_whatsapp, cep, street, number, complement, neighborhood, city, state, responsible_name, responsible_phone, medical_observations, status) VALUES (183, '2025-10-21 12:15:34.840344+00', 'LUCIENE LUZIA DE JESUS', '03391267445', '1979-05-10', NULL, '19998457936', true, '13060112', 'Rua Francisco Bayardo', '463', NULL, 'Jardim Novo Campos Elíseos', 'Campinas', 'SP', NULL, '', NULL, 'ativo');
INSERT INTO public.students (id, created_at, name, cpf, birth_date, email, phone, is_whatsapp, cep, street, number, complement, neighborhood, city, state, responsible_name, responsible_phone, medical_observations, status) VALUES (184, '2025-10-21 12:20:56.592281+00', 'DIJANIA KERCIA LOPES PEREIRA', '30307769801', '1979-01-30', '', '19991001906', true, '13060742', 'Rua Orlando Mei', '71', '', 'Parque Residencial Vila União', 'Campinas', 'SP', '', '', '', 'inativo');
INSERT INTO public.students (id, created_at, name, cpf, birth_date, email, phone, is_whatsapp, cep, street, number, complement, neighborhood, city, state, responsible_name, responsible_phone, medical_observations, status) VALUES (185, '2025-10-21 12:24:11.142732+00', 'SELMA CRISTINA CANOVA', '17204281829', '1969-02-14', NULL, '19993658363', true, '13050814', 'RUA ANTONIO PIRES BARBOSA', '116', 'BL A3 AP23', 'Jardim Capivari', 'Campinas', 'SP', NULL, NULL, NULL, 'ativo');
INSERT INTO public.students (id, created_at, name, cpf, birth_date, email, phone, is_whatsapp, cep, street, number, complement, neighborhood, city, state, responsible_name, responsible_phone, medical_observations, status) VALUES (186, '2025-10-21 12:42:00.61167+00', 'MARIA LUIZA  BARBOSA STECA', NULL, '2019-07-07', NULL, '19987718740', true, '13060733', 'RUA TITO AUGUSTO ARAUJO', '121', NULL, 'Parque Residencial Vila União', 'Campinas', 'SP', 'MILENA BARBOSA', '19987718740', NULL, 'ativo');
INSERT INTO public.students (id, created_at, name, cpf, birth_date, email, phone, is_whatsapp, cep, street, number, complement, neighborhood, city, state, responsible_name, responsible_phone, medical_observations, status) VALUES (187, '2025-10-21 12:48:53.25691+00', 'LIDIANE RAFAELA BRAGA PRADO BIZARRI', '34373884870', '1984-12-30', NULL, '19993153874', true, '13060823', 'RUA LIZETTE LUZ REGINA FERRAZ', '34', NULL, 'Jardim Ipaussurama', 'Campinas', 'SP', NULL, NULL, NULL, 'ativo');
INSERT INTO public.students (id, created_at, name, cpf, birth_date, email, phone, is_whatsapp, cep, street, number, complement, neighborhood, city, state, responsible_name, responsible_phone, medical_observations, status) VALUES (188, '2025-10-21 12:51:38.909347+00', 'SONIA MARINA DOS SANTOS', '01586809873', '1959-11-12', NULL, '19995163027', true, '13020110', 'RUA DR ANTONIO ALVARES LOBO', '432', 'AP73', 'Botafogo', 'Campinas', 'SP', NULL, NULL, NULL, 'ativo');
INSERT INTO public.students (id, created_at, name, cpf, birth_date, email, phone, is_whatsapp, cep, street, number, complement, neighborhood, city, state, responsible_name, responsible_phone, medical_observations, status) VALUES (176, '2025-10-21 11:16:59.01063+00', 'BENICIO DE OLIVEIRA GUIRALDI', NULL, '2022-06-12', '', '19983044509', true, '13056005', 'Rua Izabel Lopes Ventura', '485', '', 'Jardim Planalto de Viracopos', 'Campinas', 'SP', 'MARIANE SANTOS DE O. GUIRALDI', '19983044509', '', 'ativo');
INSERT INTO public.students (id, created_at, name, cpf, birth_date, email, phone, is_whatsapp, cep, street, number, complement, neighborhood, city, state, responsible_name, responsible_phone, medical_observations, status) VALUES (189, '2025-10-21 14:03:19.341416+00', 'DANIELLE RIBEIRO AZEVEDO PITARELLO', NULL, '1991-11-27', NULL, '19999579832', true, '13050621', 'RUA CARLOS ROBERTO CAETANO DE SOUZA', '150', 'BL A4 AP 42', 'Conjunto Residencial Souza Queiroz', 'Campinas', 'SP', NULL, NULL, NULL, 'ativo');
INSERT INTO public.students (id, created_at, name, cpf, birth_date, email, phone, is_whatsapp, cep, street, number, complement, neighborhood, city, state, responsible_name, responsible_phone, medical_observations, status) VALUES (190, '2025-10-21 14:12:52.847301+00', 'LEONARDO FERREIRA ALTES', '45179396859', '1996-09-19', NULL, '19989996167', true, '13061097', 'RUA ETELVINA DE SALES ALVES', NULL, NULL, 'Jardim García', 'Campinas', 'SP', NULL, NULL, NULL, 'ativo');
INSERT INTO public.students (id, created_at, name, cpf, birth_date, email, phone, is_whatsapp, cep, street, number, complement, neighborhood, city, state, responsible_name, responsible_phone, medical_observations, status) VALUES (191, '2025-10-21 14:16:02.668567+00', 'MARIA HELENA VITOR PINTO', NULL, '1948-08-17', NULL, '19994299714', true, '13060330', 'RUA ODETE DE CAMARGO S. V. CECARELLI', '96', NULL, 'Jardim Roseira', 'Campinas', 'SP', NULL, NULL, NULL, 'ativo');
INSERT INTO public.students (id, created_at, name, cpf, birth_date, email, phone, is_whatsapp, cep, street, number, complement, neighborhood, city, state, responsible_name, responsible_phone, medical_observations, status) VALUES (192, '2025-10-21 14:32:47.546633+00', 'REBECA ALVES DE JESUS', NULL, NULL, NULL, '19987075215', true, '13059660', 'RUA ROMEU MARINELLI', '780', NULL, 'Cidade Satélite Íris', 'Campinas', 'SP', NULL, NULL, NULL, 'ativo');


ALTER TABLE public.students ENABLE TRIGGER ALL;

--
-- Data for Name: enrollments; Type: TABLE DATA; Schema: public; Owner: -
--

ALTER TABLE public.enrollments DISABLE TRIGGER ALL;

INSERT INTO public.enrollments (id, created_at, student_id, class_id, enrollment_date, status) VALUES (3, '2025-10-13 13:44:07.734148+00', 165, 5, '2025-10-13', 'Ativa');


ALTER TABLE public.enrollments ENABLE TRIGGER ALL;

--
-- Data for Name: attendance; Type: TABLE DATA; Schema: public; Owner: -
--

ALTER TABLE public.attendance DISABLE TRIGGER ALL;



ALTER TABLE public.attendance ENABLE TRIGGER ALL;

--
-- Data for Name: equipment; Type: TABLE DATA; Schema: public; Owner: -
--

ALTER TABLE public.equipment DISABLE TRIGGER ALL;



ALTER TABLE public.equipment ENABLE TRIGGER ALL;

--
-- Data for Name: instructor; Type: TABLE DATA; Schema: public; Owner: -
--

ALTER TABLE public.instructor DISABLE TRIGGER ALL;



ALTER TABLE public.instructor ENABLE TRIGGER ALL;

--
-- Data for Name: maintenance; Type: TABLE DATA; Schema: public; Owner: -
--

ALTER TABLE public.maintenance DISABLE TRIGGER ALL;



ALTER TABLE public.maintenance ENABLE TRIGGER ALL;

--
-- Data for Name: payments; Type: TABLE DATA; Schema: public; Owner: -
--

ALTER TABLE public.payments DISABLE TRIGGER ALL;

INSERT INTO public.payments (id, created_at, student_id, enrollment_id, amount, payment_date, due_date, payment_method, status, description) VALUES (2, '2025-08-13 10:26:15.510849+00', NULL, NULL, -776.05, '2025-08-13', '2025-06-25', 'PIX', 'pago', 'Contas (Água, Luz, etc.) - SANASA');
INSERT INTO public.payments (id, created_at, student_id, enrollment_id, amount, payment_date, due_date, payment_method, status, description) VALUES (3, '2025-08-13 10:58:43.315439+00', NULL, NULL, -5445.87, '2025-08-13', '2025-08-18', 'PIX', 'pendente', 'Contas (Água, Luz, etc.) - CPFL');
INSERT INTO public.payments (id, created_at, student_id, enrollment_id, amount, payment_date, due_date, payment_method, status, description) VALUES (7, '2025-10-10 18:39:00.616271+00', 163, NULL, 121.00, '2025-10-10', '2025-10-10', NULL, 'pendente', 'Mensalidade - NAT. ADUL/ INF 1/2 (PL MENSAL) 1X NA SEMANA');
INSERT INTO public.payments (id, created_at, student_id, enrollment_id, amount, payment_date, due_date, payment_method, status, description) VALUES (8, '2025-10-13 12:29:04.267903+00', 22, NULL, 121.00, '2025-10-13', '2025-10-13', NULL, 'pendente', 'Mensalidade - NAT. ADUL/ INF 1/2 (PL MENSAL) 1X NA SEMANA');
INSERT INTO public.payments (id, created_at, student_id, enrollment_id, amount, payment_date, due_date, payment_method, status, description) VALUES (9, '2025-10-13 12:30:29.25064+00', 21, NULL, 121.00, '2025-10-13', '2025-10-13', NULL, 'pendente', 'Mensalidade - NAT. ADUL/ INF 1/2 (PL MENSAL) 1X NA SEMANA');
INSERT INTO public.payments (id, created_at, student_id, enrollment_id, amount, payment_date, due_date, payment_method, status, description) VALUES (10, '2025-10-13 12:35:17.185779+00', 24, NULL, 121.00, '2025-10-13', '2025-10-13', NULL, 'pendente', 'Mensalidade - NAT. ADUL/ INF 1/2 (PL MENSAL) 1X NA SEMANA');
INSERT INTO public.payments (id, created_at, student_id, enrollment_id, amount, payment_date, due_date, payment_method, status, description) VALUES (11, '2025-10-13 12:44:33.530647+00', 25, NULL, 140.00, '2025-10-13', '2025-10-13', NULL, 'pendente', 'Mensalidade - NATAÇÃO BB (PL SEMESTRAL)');
INSERT INTO public.payments (id, created_at, student_id, enrollment_id, amount, payment_date, due_date, payment_method, status, description) VALUES (12, '2025-10-13 12:48:05.267911+00', 26, NULL, 148.00, '2025-10-13', '2025-10-13', NULL, 'pendente', 'Mensalidade - HIDRO (PL SEMESTRAL) 2X NA SEMANA');
INSERT INTO public.payments (id, created_at, student_id, enrollment_id, amount, payment_date, due_date, payment_method, status, description) VALUES (13, '2025-10-13 12:50:40.923968+00', 27, NULL, 121.00, '2025-10-13', '2025-10-13', NULL, 'pendente', 'Mensalidade - NAT. ADUL/ INF 1/2 (PL MENSAL) 1X NA SEMANA');
INSERT INTO public.payments (id, created_at, student_id, enrollment_id, amount, payment_date, due_date, payment_method, status, description) VALUES (14, '2025-10-13 13:05:17.531104+00', 28, NULL, 117.00, '2025-10-13', '2025-10-13', NULL, 'pendente', 'Mensalidade - HIDRO 3ª IDADE (PL MENSAL) 2X NA SEMANA');
INSERT INTO public.payments (id, created_at, student_id, enrollment_id, amount, payment_date, due_date, payment_method, status, description) VALUES (15, '2025-10-13 13:10:45.838888+00', 29, NULL, 117.00, '2025-10-13', '2025-10-13', NULL, 'pendente', 'Mensalidade - HIDRO 3ª IDADE (PL MENSAL) 2X NA SEMANA');
INSERT INTO public.payments (id, created_at, student_id, enrollment_id, amount, payment_date, due_date, payment_method, status, description) VALUES (16, '2025-10-13 13:11:48.583575+00', 30, NULL, 121.00, '2025-10-13', '2025-10-13', NULL, 'pendente', 'Mensalidade - NAT. ADUL/ INF 1/2 (PL MENSAL) 1X NA SEMANA');
INSERT INTO public.payments (id, created_at, student_id, enrollment_id, amount, payment_date, due_date, payment_method, status, description) VALUES (17, '2025-10-13 13:24:30.498553+00', 33, NULL, 121.00, '2025-10-13', '2025-10-13', NULL, 'pendente', 'Mensalidade - NAT. ADUL/ INF 1/2 (PL MENSAL) 1X NA SEMANA');
INSERT INTO public.payments (id, created_at, student_id, enrollment_id, amount, payment_date, due_date, payment_method, status, description) VALUES (18, '2025-10-13 13:33:55.000369+00', 164, NULL, 108.00, '2025-10-13', '2025-10-13', NULL, 'pendente', 'Mensalidade - HIDRO 3ª IDADE (PL ANUAL) 3X NA SEMANA');
INSERT INTO public.payments (id, created_at, student_id, enrollment_id, amount, payment_date, due_date, payment_method, status, description) VALUES (19, '2025-10-13 13:37:02.871058+00', 35, NULL, 148.00, '2025-10-13', '2025-10-13', NULL, 'pendente', 'Mensalidade - NATAÇÃO BB (PL TRIMESTRAL)');
INSERT INTO public.payments (id, created_at, student_id, enrollment_id, amount, payment_date, due_date, payment_method, status, description) VALUES (20, '2025-10-13 13:38:37.457221+00', 36, NULL, 182.00, '2025-10-13', '2025-10-13', NULL, 'pendente', 'Mensalidade - HIDRO (PL MENSAL) 3X NA SEMANA');
INSERT INTO public.payments (id, created_at, student_id, enrollment_id, amount, payment_date, due_date, payment_method, status, description) VALUES (21, '2025-10-13 13:44:36.986842+00', 165, NULL, 155.00, '2025-10-13', '2025-10-13', NULL, 'pendente', 'Mensalidade - NATAÇÃO BB (PL MENSAL)');
INSERT INTO public.payments (id, created_at, student_id, enrollment_id, amount, payment_date, due_date, payment_method, status, description) VALUES (22, '2025-10-13 13:48:59.627496+00', 40, NULL, 108.00, '2025-10-13', '2025-10-13', NULL, 'pendente', 'Mensalidade - NAT. ADUL/ INF 1/2 (PL SEMESTRAL) 1X NA SEMANA');
INSERT INTO public.payments (id, created_at, student_id, enrollment_id, amount, payment_date, due_date, payment_method, status, description) VALUES (23, '2025-10-13 13:50:37.345081+00', 39, NULL, 108.00, '2025-10-13', '2025-10-13', NULL, 'pendente', 'Mensalidade - NAT. ADUL/ INF 1/2 (PL SEMESTRAL) 1X NA SEMANA');
INSERT INTO public.payments (id, created_at, student_id, enrollment_id, amount, payment_date, due_date, payment_method, status, description) VALUES (24, '2025-10-13 13:58:50.964855+00', 42, NULL, 117.00, '2025-10-13', '2025-10-13', NULL, 'pendente', 'Mensalidade - HIDRO 3ª IDADE (PL MENSAL) 2X NA SEMANA');
INSERT INTO public.payments (id, created_at, student_id, enrollment_id, amount, payment_date, due_date, payment_method, status, description) VALUES (25, '2025-10-13 13:59:50.300689+00', 43, NULL, 117.00, '2025-10-13', '2025-10-13', NULL, 'pendente', 'Mensalidade - HIDRO 3ª IDADE (PL MENSAL) 2X NA SEMANA');
INSERT INTO public.payments (id, created_at, student_id, enrollment_id, amount, payment_date, due_date, payment_method, status, description) VALUES (26, '2025-10-13 14:12:11.831525+00', 45, NULL, 111.00, '2025-10-13', '2025-10-13', NULL, 'pendente', 'Mensalidade - HIDRO 3ª IDADE (PL TRIMESTRAL) 2X NA SEMANA');
INSERT INTO public.payments (id, created_at, student_id, enrollment_id, amount, payment_date, due_date, payment_method, status, description) VALUES (27, '2025-10-13 14:15:01.728667+00', 46, NULL, 114.00, '2025-10-13', '2025-10-13', NULL, 'pendente', 'Mensalidade - NAT. ADUL/ INF 1/2 (PL TRIMESTRAL) 1X NA SEMANA');
INSERT INTO public.payments (id, created_at, student_id, enrollment_id, amount, payment_date, due_date, payment_method, status, description) VALUES (28, '2025-10-13 14:20:11.250072+00', 48, NULL, 121.00, '2025-10-13', '2025-10-13', NULL, 'pendente', 'Mensalidade - NAT. ADUL/ INF 1/2 (PL MENSAL) 1X NA SEMANA');
INSERT INTO public.payments (id, created_at, student_id, enrollment_id, amount, payment_date, due_date, payment_method, status, description) VALUES (29, '2025-10-13 14:21:40.493118+00', 49, NULL, 176.00, '2025-10-13', '2025-10-13', NULL, 'pendente', 'Mensalidade - NAT. ADUL/ INF 1/2 (PL MENSAL) 2X NA SEMANA                                                                                                                                ');
INSERT INTO public.payments (id, created_at, student_id, enrollment_id, amount, payment_date, due_date, payment_method, status, description) VALUES (30, '2025-10-13 14:23:37.591863+00', 50, NULL, 121.00, '2025-10-13', '2025-10-13', NULL, 'pendente', 'Mensalidade - NAT. ADUL/ INF 1/2 (PL MENSAL) 1X NA SEMANA');
INSERT INTO public.payments (id, created_at, student_id, enrollment_id, amount, payment_date, due_date, payment_method, status, description) VALUES (31, '2025-10-13 14:27:10.515463+00', 51, NULL, 121.00, '2025-10-13', '2025-10-13', NULL, 'pendente', 'Mensalidade - NAT. ADUL/ INF 1/2 (PL MENSAL) 1X NA SEMANA');
INSERT INTO public.payments (id, created_at, student_id, enrollment_id, amount, payment_date, due_date, payment_method, status, description) VALUES (32, '2025-10-13 14:29:05.830705+00', 52, NULL, 95.00, '2025-10-13', '2025-10-13', NULL, 'pendente', 'Mensalidade - NAT. ADUL/ INF 1/2 ( PL ANUAL)  1X NA SEMANA');
INSERT INTO public.payments (id, created_at, student_id, enrollment_id, amount, payment_date, due_date, payment_method, status, description) VALUES (33, '2025-10-13 14:31:35.109787+00', 53, NULL, 95.00, '2025-10-13', '2025-10-13', NULL, 'pendente', 'Mensalidade - NAT. ADUL/ INF 1/2 ( PL ANUAL)  1X NA SEMANA');
INSERT INTO public.payments (id, created_at, student_id, enrollment_id, amount, payment_date, due_date, payment_method, status, description) VALUES (34, '2025-10-13 14:40:38.277144+00', 54, NULL, 87.00, '2025-10-13', '2025-10-13', NULL, 'pendente', 'Mensalidade - HIDRO (PL ANUAL) 1X NA SEMANA');
INSERT INTO public.payments (id, created_at, student_id, enrollment_id, amount, payment_date, due_date, payment_method, status, description) VALUES (35, '2025-10-14 12:21:42.313376+00', 58, NULL, 120.00, '2025-10-14', '2025-10-14', NULL, 'pendente', 'Mensalidade - ZUMBA (PL MENSAL)');
INSERT INTO public.payments (id, created_at, student_id, enrollment_id, amount, payment_date, due_date, payment_method, status, description) VALUES (36, '2025-10-14 12:23:23.922678+00', 59, NULL, 120.00, '2025-10-14', '2025-10-14', NULL, 'pendente', 'Mensalidade - ZUMBA (PL MENSAL)');
INSERT INTO public.payments (id, created_at, student_id, enrollment_id, amount, payment_date, due_date, payment_method, status, description) VALUES (37, '2025-10-14 12:26:39.967479+00', 61, NULL, 95.00, '2025-10-14', '2025-10-14', NULL, 'pendente', 'Mensalidade - NAT. ADUL/ INF 1/2 ( PL ANUAL)  1X NA SEMANA');
INSERT INTO public.payments (id, created_at, student_id, enrollment_id, amount, payment_date, due_date, payment_method, status, description) VALUES (38, '2025-10-14 12:27:34.009478+00', 62, NULL, 121.00, '2025-10-14', '2025-10-14', NULL, 'pendente', 'Mensalidade - NAT. ADUL/ INF 1/2 (PL MENSAL) 1X NA SEMANA');
INSERT INTO public.payments (id, created_at, student_id, enrollment_id, amount, payment_date, due_date, payment_method, status, description) VALUES (39, '2025-10-14 12:28:45.831091+00', 63, NULL, 95.00, '2025-10-14', '2025-10-14', NULL, 'pendente', 'Mensalidade - NAT. ADUL/ INF 1/2 ( PL ANUAL)  1X NA SEMANA');
INSERT INTO public.payments (id, created_at, student_id, enrollment_id, amount, payment_date, due_date, payment_method, status, description) VALUES (40, '2025-10-14 12:32:33.166725+00', 64, NULL, 114.00, '2025-10-14', '2025-10-14', NULL, 'pendente', 'Mensalidade - NAT. ADUL/ INF 1/2 (PL TRIMESTRAL) 1X NA SEMANA');
INSERT INTO public.payments (id, created_at, student_id, enrollment_id, amount, payment_date, due_date, payment_method, status, description) VALUES (41, '2025-10-14 12:36:40.203026+00', 66, NULL, 121.00, '2025-10-14', '2025-10-14', NULL, 'pendente', 'Mensalidade - NAT. ADUL/ INF 1/2 (PL MENSAL) 1X NA SEMANA');
INSERT INTO public.payments (id, created_at, student_id, enrollment_id, amount, payment_date, due_date, payment_method, status, description) VALUES (42, '2025-10-14 12:37:12.685998+00', 70, NULL, 121.00, '2025-10-14', '2025-10-14', NULL, 'pendente', 'Mensalidade - NAT. ADUL/ INF 1/2 (PL MENSAL) 1X NA SEMANA');
INSERT INTO public.payments (id, created_at, student_id, enrollment_id, amount, payment_date, due_date, payment_method, status, description) VALUES (43, '2025-10-14 12:44:46.728218+00', 69, NULL, 155.00, '2025-10-14', '2025-10-14', NULL, 'pendente', 'Mensalidade - NATAÇÃO BB (PL MENSAL)');
INSERT INTO public.payments (id, created_at, student_id, enrollment_id, amount, payment_date, due_date, payment_method, status, description) VALUES (44, '2025-10-14 12:45:35.70575+00', 71, NULL, 148.00, '2025-10-14', '2025-10-14', NULL, 'pendente', 'Mensalidade - NAT. ADUL/ INF 1/2 (PL ANUAL) 2X NA SEMANA');
INSERT INTO public.payments (id, created_at, student_id, enrollment_id, amount, payment_date, due_date, payment_method, status, description) VALUES (45, '2025-10-14 13:23:36.276516+00', 75, NULL, 115.00, '2025-10-14', '2025-10-14', NULL, 'pendente', 'Mensalidade - HIDRO (PL MENSAL) 1X NA SEMANA');
INSERT INTO public.payments (id, created_at, student_id, enrollment_id, amount, payment_date, due_date, payment_method, status, description) VALUES (46, '2025-10-14 14:32:35.414722+00', 76, NULL, 121.00, '2025-10-14', '2025-10-14', NULL, 'pendente', 'Mensalidade - NAT. ADUL/ INF 1/2 (PL MENSAL) 1X NA SEMANA');
INSERT INTO public.payments (id, created_at, student_id, enrollment_id, amount, payment_date, due_date, payment_method, status, description) VALUES (47, '2025-10-14 14:41:09.258498+00', 77, NULL, 155.00, '2025-10-14', '2025-10-14', NULL, 'pendente', 'Mensalidade - NATAÇÃO BB (PL MENSAL)');
INSERT INTO public.payments (id, created_at, student_id, enrollment_id, amount, payment_date, due_date, payment_method, status, description) VALUES (48, '2025-10-14 14:51:45.28809+00', 78, NULL, 121.00, '2025-10-14', '2025-10-14', NULL, 'pendente', 'Mensalidade - NAT. ADUL/ INF 1/2 (PL MENSAL) 1X NA SEMANA');
INSERT INTO public.payments (id, created_at, student_id, enrollment_id, amount, payment_date, due_date, payment_method, status, description) VALUES (49, '2025-10-16 11:22:11.239106+00', 85, NULL, 172.00, '2025-10-16', '2025-10-16', NULL, 'pendente', 'Mensalidade - HIDRO (PL TRIMESTRAL) 3X NA SEMANA');
INSERT INTO public.payments (id, created_at, student_id, enrollment_id, amount, payment_date, due_date, payment_method, status, description) VALUES (50, '2025-10-16 11:44:43.634938+00', 82, NULL, 108.00, '2025-10-16', '2025-10-16', NULL, 'pendente', 'Mensalidade - HIDRO 3ª IDADE (PL SEMESTRAL) 2X NA SEMANA');
INSERT INTO public.payments (id, created_at, student_id, enrollment_id, amount, payment_date, due_date, payment_method, status, description) VALUES (51, '2025-10-16 11:48:04.207615+00', 83, NULL, 95.00, '2025-10-16', '2025-10-16', NULL, 'pendente', 'Mensalidade - NAT. ADUL/ INF 1/2 ( PL ANUAL)  1X NA SEMANA');
INSERT INTO public.payments (id, created_at, student_id, enrollment_id, amount, payment_date, due_date, payment_method, status, description) VALUES (52, '2025-10-16 11:53:45.453334+00', 84, NULL, 128.00, '2025-10-16', '2025-10-16', NULL, 'pendente', 'Mensalidade - NATAÇÃO BB (PL ANUAL)');
INSERT INTO public.payments (id, created_at, student_id, enrollment_id, amount, payment_date, due_date, payment_method, status, description) VALUES (53, '2025-10-16 11:55:50.756957+00', 94, NULL, 117.00, '2025-10-16', '2025-10-16', NULL, 'pendente', 'Mensalidade - HIDRO 3ª IDADE (PL MENSAL) 2X NA SEMANA');
INSERT INTO public.payments (id, created_at, student_id, enrollment_id, amount, payment_date, due_date, payment_method, status, description) VALUES (54, '2025-10-16 11:57:14.862809+00', 103, NULL, 128.00, '2025-10-16', '2025-10-16', NULL, 'pendente', 'Mensalidade - NATAÇÃO BB (PL ANUAL)');
INSERT INTO public.payments (id, created_at, student_id, enrollment_id, amount, payment_date, due_date, payment_method, status, description) VALUES (55, '2025-10-16 11:58:43.689473+00', 116, NULL, 95.00, '2025-10-16', '2025-10-16', NULL, 'pendente', 'Mensalidade - NAT. ADUL/ INF 1/2 ( PL ANUAL)  1X NA SEMANA');
INSERT INTO public.payments (id, created_at, student_id, enrollment_id, amount, payment_date, due_date, payment_method, status, description) VALUES (56, '2025-10-16 12:02:38.01875+00', 166, NULL, 117.00, '2025-10-16', '2025-10-16', NULL, 'pendente', 'Mensalidade - HIDRO 3ª IDADE (PL MENSAL) 2X NA SEMANA');
INSERT INTO public.payments (id, created_at, student_id, enrollment_id, amount, payment_date, due_date, payment_method, status, description) VALUES (57, '2025-10-16 12:03:55.708335+00', 125, NULL, 115.00, '2025-10-16', '2025-10-16', NULL, 'pendente', 'Mensalidade - HIDRO (PL MENSAL) 1X NA SEMANA');
INSERT INTO public.payments (id, created_at, student_id, enrollment_id, amount, payment_date, due_date, payment_method, status, description) VALUES (58, '2025-10-16 12:05:12.145847+00', 126, NULL, 115.00, '2025-10-16', '2025-10-16', NULL, 'pendente', 'Mensalidade - HIDRO (PL MENSAL) 1X NA SEMANA');
INSERT INTO public.payments (id, created_at, student_id, enrollment_id, amount, payment_date, due_date, payment_method, status, description) VALUES (59, '2025-10-16 12:08:06.362879+00', 127, NULL, 95.00, '2025-10-16', '2025-10-16', NULL, 'pendente', 'Mensalidade - NAT. ADUL/ INF 1/2 ( PL ANUAL)  1X NA SEMANA');
INSERT INTO public.payments (id, created_at, student_id, enrollment_id, amount, payment_date, due_date, payment_method, status, description) VALUES (60, '2025-10-16 12:08:34.738468+00', 128, NULL, 155.00, '2025-10-16', '2025-10-16', NULL, 'pendente', 'Mensalidade - NATAÇÃO BB (PL MENSAL)');
INSERT INTO public.payments (id, created_at, student_id, enrollment_id, amount, payment_date, due_date, payment_method, status, description) VALUES (61, '2025-10-16 12:09:29.674882+00', 129, NULL, 120.00, '2025-10-16', '2025-10-16', NULL, 'pendente', 'Mensalidade - ZUMBA (PL MENSAL)');
INSERT INTO public.payments (id, created_at, student_id, enrollment_id, amount, payment_date, due_date, payment_method, status, description) VALUES (62, '2025-10-16 12:11:06.042371+00', 130, NULL, 176.00, '2025-10-16', '2025-10-16', NULL, 'pendente', 'Mensalidade - NAT. ADUL/ INF 1/2 (PL MENSAL) 2X NA SEMANA                                                                                                                                ');
INSERT INTO public.payments (id, created_at, student_id, enrollment_id, amount, payment_date, due_date, payment_method, status, description) VALUES (63, '2025-10-16 12:11:48.696964+00', 131, NULL, 176.00, '2025-10-16', '2025-10-16', NULL, 'pendente', 'Mensalidade - NAT. ADUL/ INF 1/2 (PL MENSAL) 2X NA SEMANA                                                                                                                                ');
INSERT INTO public.payments (id, created_at, student_id, enrollment_id, amount, payment_date, due_date, payment_method, status, description) VALUES (64, '2025-10-16 12:12:40.484747+00', 132, NULL, 95.00, '2025-10-16', '2025-10-16', NULL, 'pendente', 'Mensalidade - NAT. ADUL/ INF 1/2 ( PL ANUAL)  1X NA SEMANA');
INSERT INTO public.payments (id, created_at, student_id, enrollment_id, amount, payment_date, due_date, payment_method, status, description) VALUES (65, '2025-10-16 12:29:18.183619+00', 133, NULL, 155.00, '2025-10-16', '2025-10-16', NULL, 'pendente', 'Mensalidade - NATAÇÃO BB (PL MENSAL)');
INSERT INTO public.payments (id, created_at, student_id, enrollment_id, amount, payment_date, due_date, payment_method, status, description) VALUES (66, '2025-10-16 12:31:42.537494+00', 135, NULL, 114.00, '2025-10-16', '2025-10-16', NULL, 'pendente', 'Mensalidade - NAT. ADUL/ INF 1/2 (PL TRIMESTRAL) 1X NA SEMANA');
INSERT INTO public.payments (id, created_at, student_id, enrollment_id, amount, payment_date, due_date, payment_method, status, description) VALUES (67, '2025-10-16 12:33:28.484366+00', 136, NULL, 155.00, '2025-10-16', '2025-10-16', NULL, 'pendente', 'Mensalidade - HIDRO (PL TRIMESTRAL) 2X NA SEMANA');
INSERT INTO public.payments (id, created_at, student_id, enrollment_id, amount, payment_date, due_date, payment_method, status, description) VALUES (68, '2025-10-16 12:37:09.997913+00', 137, NULL, 117.00, '2025-10-16', '2025-10-16', NULL, 'pendente', 'Mensalidade - HIDRO 3ª IDADE (PL MENSAL) 2X NA SEMANA');
INSERT INTO public.payments (id, created_at, student_id, enrollment_id, amount, payment_date, due_date, payment_method, status, description) VALUES (69, '2025-10-16 12:50:39.050946+00', 138, NULL, 176.00, '2025-10-16', '2025-10-16', NULL, 'pendente', 'Mensalidade - NAT. ADUL/ INF 1/2 (PL MENSAL) 2X NA SEMANA                                                                                                                                ');
INSERT INTO public.payments (id, created_at, student_id, enrollment_id, amount, payment_date, due_date, payment_method, status, description) VALUES (70, '2025-10-16 13:04:58.442635+00', 139, NULL, 127.00, '2025-10-16', '2025-10-16', NULL, 'pendente', 'Mensalidade - HIDRO 3ª IDADE (PL MENSAL) 3X NA SEMANA');
INSERT INTO public.payments (id, created_at, student_id, enrollment_id, amount, payment_date, due_date, payment_method, status, description) VALUES (71, '2025-10-16 13:12:04.297171+00', 140, NULL, 202.00, '2025-10-16', '2025-10-16', NULL, 'pendente', 'Mensalidade - NAT. ADUL/ INF 1/2 (PL MENSAL) 3X NA SEMANA');
INSERT INTO public.payments (id, created_at, student_id, enrollment_id, amount, payment_date, due_date, payment_method, status, description) VALUES (72, '2025-10-16 13:13:40.266632+00', 142, NULL, 121.00, '2025-10-16', '2025-10-16', NULL, 'pendente', 'Mensalidade - NAT. ADUL/ INF 1/2 (PL MENSAL) 1X NA SEMANA');
INSERT INTO public.payments (id, created_at, student_id, enrollment_id, amount, payment_date, due_date, payment_method, status, description) VALUES (73, '2025-10-16 13:37:23.029465+00', 144, NULL, 114.00, '2025-10-16', '2025-10-16', NULL, 'pendente', 'Mensalidade - NAT. ADUL/ INF 1/2 (PL TRIMESTRAL) 1X NA SEMANA');
INSERT INTO public.payments (id, created_at, student_id, enrollment_id, amount, payment_date, due_date, payment_method, status, description) VALUES (74, '2025-10-16 13:39:29.38792+00', 145, NULL, 155.00, '2025-10-16', '2025-10-16', NULL, 'pendente', 'Mensalidade - HIDRO (PL TRIMESTRAL) 2X NA SEMANA');
INSERT INTO public.payments (id, created_at, student_id, enrollment_id, amount, payment_date, due_date, payment_method, status, description) VALUES (75, '2025-10-16 13:58:25.846639+00', 146, NULL, 162.00, '2025-10-16', '2025-10-16', NULL, 'pendente', 'Mensalidade - HIDRO (PL MENSAL) 2X NA SEMANA');
INSERT INTO public.payments (id, created_at, student_id, enrollment_id, amount, payment_date, due_date, payment_method, status, description) VALUES (76, '2025-10-16 14:24:48.63762+00', 147, NULL, 148.00, '2025-10-16', '2025-10-16', NULL, 'pendente', 'Mensalidade - NATAÇÃO BB (PL TRIMESTRAL)');
INSERT INTO public.payments (id, created_at, student_id, enrollment_id, amount, payment_date, due_date, payment_method, status, description) VALUES (77, '2025-10-16 14:27:04.264389+00', 148, NULL, 114.00, '2025-10-16', '2025-10-16', NULL, 'pendente', 'Mensalidade - NAT. ADUL/ INF 1/2 (PL TRIMESTRAL) 1X NA SEMANA');
INSERT INTO public.payments (id, created_at, student_id, enrollment_id, amount, payment_date, due_date, payment_method, status, description) VALUES (78, '2025-10-16 14:36:06.503335+00', 149, NULL, 176.00, '2025-10-16', '2025-10-16', NULL, 'pendente', 'Mensalidade - NAT. ADUL/ INF 1/2 (PL MENSAL) 2X NA SEMANA                                                                                                                                ');
INSERT INTO public.payments (id, created_at, student_id, enrollment_id, amount, payment_date, due_date, payment_method, status, description) VALUES (79, '2025-10-16 14:36:59.796657+00', 150, NULL, 121.00, '2025-10-16', '2025-10-16', NULL, 'pendente', 'Mensalidade - NAT. ADUL/ INF 1/2 (PL MENSAL) 1X NA SEMANA');
INSERT INTO public.payments (id, created_at, student_id, enrollment_id, amount, payment_date, due_date, payment_method, status, description) VALUES (80, '2025-10-16 14:46:38.405848+00', 167, NULL, 95.00, '2025-10-16', '2025-10-16', NULL, 'pendente', 'Mensalidade - NAT. ADUL/ INF 1/2 ( PL ANUAL)  1X NA SEMANA');
INSERT INTO public.payments (id, created_at, student_id, enrollment_id, amount, payment_date, due_date, payment_method, status, description) VALUES (81, '2025-10-16 14:48:06.500884+00', 151, NULL, 176.00, '2025-10-16', '2025-10-16', NULL, 'pendente', 'Mensalidade - NAT. ADUL/ INF 1/2 (PL MENSAL) 2X NA SEMANA                                                                                                                                ');
INSERT INTO public.payments (id, created_at, student_id, enrollment_id, amount, payment_date, due_date, payment_method, status, description) VALUES (82, '2025-10-17 13:50:05.045121+00', 152, NULL, 121.00, '2025-10-17', '2025-10-17', NULL, 'pendente', 'Mensalidade - NAT. ADUL/ INF 1/2 (PL MENSAL) 1X NA SEMANA');
INSERT INTO public.payments (id, created_at, student_id, enrollment_id, amount, payment_date, due_date, payment_method, status, description) VALUES (83, '2025-10-17 13:51:32.775567+00', 153, NULL, 121.00, '2025-10-17', '2025-10-17', NULL, 'pendente', 'Mensalidade - NAT. ADUL/ INF 1/2 (PL MENSAL) 1X NA SEMANA');
INSERT INTO public.payments (id, created_at, student_id, enrollment_id, amount, payment_date, due_date, payment_method, status, description) VALUES (84, '2025-10-17 14:02:02.853341+00', 154, NULL, 172.00, '2025-10-17', '2025-10-17', NULL, 'pendente', 'Mensalidade - HIDRO (PL TRIMESTRAL) 3X NA SEMANA');
INSERT INTO public.payments (id, created_at, student_id, enrollment_id, amount, payment_date, due_date, payment_method, status, description) VALUES (85, '2025-10-17 14:02:53.212802+00', 155, NULL, 155.00, '2025-10-17', '2025-10-17', NULL, 'pendente', 'Mensalidade - HIDRO (PL TRIMESTRAL) 2X NA SEMANA');
INSERT INTO public.payments (id, created_at, student_id, enrollment_id, amount, payment_date, due_date, payment_method, status, description) VALUES (86, '2025-10-17 14:04:24.605032+00', 156, NULL, 155.00, '2025-10-17', '2025-10-17', NULL, 'pendente', 'Mensalidade - HIDRO (PL TRIMESTRAL) 2X NA SEMANA');
INSERT INTO public.payments (id, created_at, student_id, enrollment_id, amount, payment_date, due_date, payment_method, status, description) VALUES (87, '2025-10-17 14:16:38.999799+00', 168, NULL, 111.00, '2025-10-17', '2025-10-17', NULL, 'pendente', 'Mensalidade - HIDRO 3ª IDADE (PL TRIMESTRAL) 2X NA SEMANA');
INSERT INTO public.payments (id, created_at, student_id, enrollment_id, amount, payment_date, due_date, payment_method, status, description) VALUES (88, '2025-10-17 14:39:56.556434+00', 157, NULL, 111.00, '2025-10-17', '2025-10-17', NULL, 'pendente', 'Mensalidade - HIDRO 3ª IDADE (PL TRIMESTRAL) 2X NA SEMANA');
INSERT INTO public.payments (id, created_at, student_id, enrollment_id, amount, payment_date, due_date, payment_method, status, description) VALUES (89, '2025-10-17 14:42:53.256846+00', 158, NULL, 155.00, '2025-10-17', '2025-10-17', NULL, 'pendente', 'Mensalidade - HIDRO (PL TRIMESTRAL) 2X NA SEMANA');
INSERT INTO public.payments (id, created_at, student_id, enrollment_id, amount, payment_date, due_date, payment_method, status, description) VALUES (90, '2025-10-17 14:44:48.329844+00', 160, NULL, 114.00, '2025-10-17', '2025-10-17', NULL, 'pendente', 'Mensalidade - NAT. ADUL/ INF 1/2 (PL TRIMESTRAL) 1X NA SEMANA');
INSERT INTO public.payments (id, created_at, student_id, enrollment_id, amount, payment_date, due_date, payment_method, status, description) VALUES (91, '2025-10-20 13:44:21.535184+00', 159, NULL, 162.00, '2025-10-20', '2025-10-20', NULL, 'pendente', 'Mensalidade - HIDRO (PL MENSAL) 2X NA SEMANA');
INSERT INTO public.payments (id, created_at, student_id, enrollment_id, amount, payment_date, due_date, payment_method, status, description) VALUES (92, '2025-10-20 13:49:31.052727+00', 169, NULL, 155.00, '2025-10-20', '2025-10-20', NULL, 'pendente', 'Mensalidade - NATAÇÃO BB (PL MENSAL)');
INSERT INTO public.payments (id, created_at, student_id, enrollment_id, amount, payment_date, due_date, payment_method, status, description) VALUES (93, '2025-10-20 14:01:49.304518+00', 170, NULL, 121.00, '2025-10-20', '2025-10-20', NULL, 'pendente', 'Mensalidade - NAT. ADUL/ INF 1/2 (PL MENSAL) 1X NA SEMANA');
INSERT INTO public.payments (id, created_at, student_id, enrollment_id, amount, payment_date, due_date, payment_method, status, description) VALUES (94, '2025-10-20 14:21:15.322886+00', 171, NULL, 95.00, '2025-10-20', '2025-10-20', NULL, 'pendente', 'Mensalidade - NAT. ADUL/ INF 1/2 ( PL ANUAL)  1X NA SEMANA');
INSERT INTO public.payments (id, created_at, student_id, enrollment_id, amount, payment_date, due_date, payment_method, status, description) VALUES (95, '2025-10-20 14:33:47.936442+00', 172, NULL, 95.00, '2025-10-20', '2025-10-20', NULL, 'pendente', 'Mensalidade - NAT. ADUL/ INF 1/2 ( PL ANUAL)  1X NA SEMANA');
INSERT INTO public.payments (id, created_at, student_id, enrollment_id, amount, payment_date, due_date, payment_method, status, description) VALUES (96, '2025-10-20 14:49:11.485606+00', 174, NULL, 121.00, '2025-10-20', '2025-10-20', NULL, 'pendente', 'Mensalidade - NAT. ADUL/ INF 1/2 (PL MENSAL) 1X NA SEMANA');
INSERT INTO public.payments (id, created_at, student_id, enrollment_id, amount, payment_date, due_date, payment_method, status, description) VALUES (97, '2025-10-21 11:12:40.315433+00', 175, NULL, 121.00, '2025-10-21', '2025-10-21', NULL, 'pendente', 'Mensalidade - NAT. ADUL/ INF 1/2 (PL MENSAL) 1X NA SEMANA');
INSERT INTO public.payments (id, created_at, student_id, enrollment_id, amount, payment_date, due_date, payment_method, status, description) VALUES (98, '2025-10-21 11:17:42.266167+00', 176, NULL, 155.00, '2025-10-21', '2025-10-21', NULL, 'pendente', 'Mensalidade - NATAÇÃO BB (PL MENSAL)');
INSERT INTO public.payments (id, created_at, student_id, enrollment_id, amount, payment_date, due_date, payment_method, status, description) VALUES (99, '2025-10-21 11:28:03.638173+00', 177, NULL, 120.00, '2025-10-21', '2025-10-21', NULL, 'pendente', 'Mensalidade - ZUMBA (PL MENSAL)');
INSERT INTO public.payments (id, created_at, student_id, enrollment_id, amount, payment_date, due_date, payment_method, status, description) VALUES (100, '2025-10-21 11:41:22.161499+00', 178, NULL, 117.00, '2025-10-21', '2025-10-21', NULL, 'pendente', 'Mensalidade - HIDRO 3ª IDADE (PL MENSAL) 2X NA SEMANA');
INSERT INTO public.payments (id, created_at, student_id, enrollment_id, amount, payment_date, due_date, payment_method, status, description) VALUES (101, '2025-10-21 11:44:12.226703+00', 179, NULL, 155.00, '2025-10-21', '2025-10-21', NULL, 'pendente', 'Mensalidade - NAT. ADUL/ INF 1/2 (PL SEMESTRAL) 2X NA SEMANA');
INSERT INTO public.payments (id, created_at, student_id, enrollment_id, amount, payment_date, due_date, payment_method, status, description) VALUES (102, '2025-10-21 11:55:40.53696+00', 180, NULL, 155.00, '2025-10-21', '2025-10-21', NULL, 'pendente', 'Mensalidade - NAT. ADUL/ INF 1/2 (PL SEMESTRAL) 2X NA SEMANA');
INSERT INTO public.payments (id, created_at, student_id, enrollment_id, amount, payment_date, due_date, payment_method, status, description) VALUES (103, '2025-10-21 12:01:16.156272+00', 181, NULL, 155.00, '2025-10-21', '2025-10-21', NULL, 'pendente', 'Mensalidade - HIDRO (PL TRIMESTRAL) 2X NA SEMANA');
INSERT INTO public.payments (id, created_at, student_id, enrollment_id, amount, payment_date, due_date, payment_method, status, description) VALUES (104, '2025-10-21 12:12:37.172723+00', 182, NULL, 165.00, '2025-10-21', '2025-10-21', NULL, 'pendente', 'Mensalidade - NAT. ADUL/ INF 1/2 (PL TRIMESTRAL) 2X NA SEMANA');
INSERT INTO public.payments (id, created_at, student_id, enrollment_id, amount, payment_date, due_date, payment_method, status, description) VALUES (105, '2025-10-21 12:19:23.767039+00', 183, NULL, 120.00, '2025-10-21', '2025-10-21', NULL, 'pendente', 'Mensalidade - ZUMBA (PL MENSAL)');
INSERT INTO public.payments (id, created_at, student_id, enrollment_id, amount, payment_date, due_date, payment_method, status, description) VALUES (106, '2025-10-21 12:32:54.826798+00', 185, NULL, 165.00, '2025-10-21', '2025-10-21', NULL, 'pendente', 'Mensalidade - NAT. ADUL/ INF 1/2 (PL TRIMESTRAL) 2X NA SEMANA');
INSERT INTO public.payments (id, created_at, student_id, enrollment_id, amount, payment_date, due_date, payment_method, status, description) VALUES (107, '2025-10-21 12:47:01.865737+00', 186, NULL, 121.00, '2025-10-21', '2025-10-21', NULL, 'pendente', 'Mensalidade - NAT. ADUL/ INF 1/2 (PL MENSAL) 1X NA SEMANA');
INSERT INTO public.payments (id, created_at, student_id, enrollment_id, amount, payment_date, due_date, payment_method, status, description) VALUES (108, '2025-10-21 12:49:27.567339+00', 187, NULL, 115.00, '2025-10-21', '2025-10-21', NULL, 'pendente', 'Mensalidade - HIDRO (PL MENSAL) 1X NA SEMANA');
INSERT INTO public.payments (id, created_at, student_id, enrollment_id, amount, payment_date, due_date, payment_method, status, description) VALUES (109, '2025-10-21 13:26:43.904316+00', 188, NULL, 117.00, '2025-10-21', '2025-10-21', NULL, 'pendente', 'Mensalidade - HIDRO 3ª IDADE (PL MENSAL) 2X NA SEMANA');
INSERT INTO public.payments (id, created_at, student_id, enrollment_id, amount, payment_date, due_date, payment_method, status, description) VALUES (110, '2025-10-21 14:03:51.217501+00', 189, NULL, 120.00, '2025-10-21', '2025-10-21', NULL, 'pendente', 'Mensalidade - ZUMBA (PL MENSAL)');
INSERT INTO public.payments (id, created_at, student_id, enrollment_id, amount, payment_date, due_date, payment_method, status, description) VALUES (111, '2025-10-21 14:14:01.833331+00', 190, NULL, 121.00, '2025-10-21', '2025-10-21', NULL, 'pendente', 'Mensalidade - NAT. ADUL/ INF 1/2 (PL MENSAL) 1X NA SEMANA');
INSERT INTO public.payments (id, created_at, student_id, enrollment_id, amount, payment_date, due_date, payment_method, status, description) VALUES (112, '2025-10-21 14:25:03.428989+00', 191, NULL, 117.00, '2025-10-21', '2025-10-21', NULL, 'pendente', 'Mensalidade - HIDRO 3ª IDADE (PL MENSAL) 2X NA SEMANA');


ALTER TABLE public.payments ENABLE TRIGGER ALL;

--
-- Data for Name: plans; Type: TABLE DATA; Schema: public; Owner: -
--

ALTER TABLE public.plans DISABLE TRIGGER ALL;

INSERT INTO public.plans (id, created_at, name, modality_id, price, recurrence, benefits, status) VALUES (27, '2025-09-02 14:06:07.361249+00', 'NAT. ADUL/ INF 1/2 (PL ANUAL) 5X NA SEMANA', 2, 223.00, 'anual', '{}', 'ativo');
INSERT INTO public.plans (id, created_at, name, modality_id, price, recurrence, benefits, status) VALUES (10, '2025-08-29 10:39:09.264879+00', 'NAT. ADUL/ INF 1/2 (PL SEMESTRAL) 1X NA SEMANA', 2, 108.00, 'semestral', '{}', 'ativo');
INSERT INTO public.plans (id, created_at, name, modality_id, price, recurrence, benefits, status) VALUES (8, '2025-08-29 10:29:49.090904+00', 'NAT. ADUL/ INF 1/2 (PL TRIMESTRAL) 1X NA SEMANA', 2, 114.00, 'trimestral', '{}', 'ativo');
INSERT INTO public.plans (id, created_at, name, modality_id, price, recurrence, benefits, status) VALUES (7, '2025-08-29 10:28:32.95944+00', 'NAT. ADUL/ INF 1/2 (PL MENSAL) 1X NA SEMANA', 2, 121.00, 'mensal', '{}', 'ativo');
INSERT INTO public.plans (id, created_at, name, modality_id, price, recurrence, benefits, status) VALUES (11, '2025-08-29 10:43:10.187308+00', 'NAT. ADUL/ INF 1/2 ( PL ANUAL)  1X NA SEMANA', 2, 95.00, 'anual', '{}', 'ativo');
INSERT INTO public.plans (id, created_at, name, modality_id, price, recurrence, benefits, status) VALUES (6, '2025-08-29 10:22:34.513905+00', 'ZUMBA (PL ANUAL)', 6, 102.00, 'anual', '{}', 'ativo');
INSERT INTO public.plans (id, created_at, name, modality_id, price, recurrence, benefits, status) VALUES (64, '2025-09-04 13:02:25.49157+00', 'HIDRO (PL ANUAL) 4X NA SEMANA', 11, 168.00, 'anual', '{}', 'ativo');
INSERT INTO public.plans (id, created_at, name, modality_id, price, recurrence, benefits, status) VALUES (63, '2025-09-04 13:02:02.543498+00', 'HIDRO (PL SEMESTRAL) 4X NA SEMANA', 11, 189.00, 'semestral', '{}', 'ativo');
INSERT INTO public.plans (id, created_at, name, modality_id, price, recurrence, benefits, status) VALUES (62, '2025-09-04 13:01:39.798325+00', 'HIDRO (PL TRIMESTRAL) 4X NA SEMANA', 11, 197.00, 'trimestral', '{}', 'ativo');
INSERT INTO public.plans (id, created_at, name, modality_id, price, recurrence, benefits, status) VALUES (61, '2025-09-04 13:01:14.500394+00', 'HIDRO (PL MENSAL) 4X NA SEMANA', 11, 202.00, 'mensal', '{}', 'ativo');
INSERT INTO public.plans (id, created_at, name, modality_id, price, recurrence, benefits, status) VALUES (58, '2025-09-04 13:00:06.117048+00', 'HIDRO (PL TRIMESTRAL) 3X NA SEMANA', 11, 172.00, 'trimestral', '{}', 'ativo');
INSERT INTO public.plans (id, created_at, name, modality_id, price, recurrence, benefits, status) VALUES (60, '2025-09-04 13:00:45.052867+00', 'HIDRO (PL ANUAL) 3X NA SEMANA', 11, 155.00, 'anual', '{}', 'ativo');
INSERT INTO public.plans (id, created_at, name, modality_id, price, recurrence, benefits, status) VALUES (57, '2025-09-04 12:59:26.504248+00', 'HIDRO (PL MENSAL) 3X NA SEMANA', 11, 182.00, 'mensal', '{}', 'ativo');
INSERT INTO public.plans (id, created_at, name, modality_id, price, recurrence, benefits, status) VALUES (56, '2025-09-04 12:59:02.679698+00', 'HIDRO (PL ANUAL) 2X NA SEMANA', 11, 134.00, 'anual', '{}', 'ativo');
INSERT INTO public.plans (id, created_at, name, modality_id, price, recurrence, benefits, status) VALUES (55, '2025-09-04 12:58:42.580064+00', 'HIDRO (PL SEMESTRAL) 2X NA SEMANA', 11, 148.00, 'semestral', '{}', 'ativo');
INSERT INTO public.plans (id, created_at, name, modality_id, price, recurrence, benefits, status) VALUES (54, '2025-09-04 12:58:16.009865+00', 'HIDRO (PL TRIMESTRAL) 2X NA SEMANA', 11, 155.00, 'trimestral', '{}', 'ativo');
INSERT INTO public.plans (id, created_at, name, modality_id, price, recurrence, benefits, status) VALUES (53, '2025-09-04 12:57:37.655144+00', 'HIDRO (PL MENSAL) 2X NA SEMANA', 11, 162.00, 'mensal', '{}', 'ativo');
INSERT INTO public.plans (id, created_at, name, modality_id, price, recurrence, benefits, status) VALUES (52, '2025-09-04 12:57:05.873207+00', 'HIDRO (PL ANUAL) 1X NA SEMANA', 11, 87.00, 'anual', '{}', 'ativo');
INSERT INTO public.plans (id, created_at, name, modality_id, price, recurrence, benefits, status) VALUES (51, '2025-09-04 12:56:42.238992+00', 'HIDRO (PL SEMESTRAL) 1X NA SEMANA', 11, 100.00, 'semestral', '{}', 'ativo');
INSERT INTO public.plans (id, created_at, name, modality_id, price, recurrence, benefits, status) VALUES (50, '2025-09-04 12:56:21.871164+00', 'HIDRO (PL TRIMESTRAL) 1X NA SEMANA', 11, 108.00, 'trimestral', '{}', 'ativo');
INSERT INTO public.plans (id, created_at, name, modality_id, price, recurrence, benefits, status) VALUES (49, '2025-09-02 14:56:56.312294+00', 'HIDRO (PL MENSAL) 1X NA SEMANA', 11, 115.00, 'mensal', '{}', 'ativo');
INSERT INTO public.plans (id, created_at, name, modality_id, price, recurrence, benefits, status) VALUES (47, '2025-09-02 14:55:57.034778+00', 'HIDRO 3ª  IDADE (PL SEMESTRAL)  5X NA SEMANA', 10, 142.00, 'semestral', '{}', 'ativo');
INSERT INTO public.plans (id, created_at, name, modality_id, price, recurrence, benefits, status) VALUES (66, '2025-09-04 13:03:15.74963+00', 'HIDRO (PL TRIMESTRAL) 5X NA SEMANA', 11, 212.00, 'trimestral', '{}', 'ativo');
INSERT INTO public.plans (id, created_at, name, modality_id, price, recurrence, benefits, status) VALUES (46, '2025-09-02 14:55:36.346461+00', 'HIDRO 3ª IDADE (PL TRIMESTRAL) 5X NA SEMANA', 10, 148.00, 'trimestral', '{}', 'ativo');
INSERT INTO public.plans (id, created_at, name, modality_id, price, recurrence, benefits, status) VALUES (45, '2025-09-02 14:55:17.639315+00', 'HIDRO 3ª IDADE (PL MENSAL) 5X NA SEMANA', 10, 154.00, 'mensal', '{}', 'ativo');
INSERT INTO public.plans (id, created_at, name, modality_id, price, recurrence, benefits, status) VALUES (44, '2025-09-02 14:54:48.186483+00', 'HIDRO 3ª IDADE (PL ANUAL) 4X NA SEMANA', 10, 121.00, 'anual', '{}', 'ativo');
INSERT INTO public.plans (id, created_at, name, modality_id, price, recurrence, benefits, status) VALUES (43, '2025-09-02 14:36:27.802471+00', 'HIDRO 3ª IDADE (PL SEMESTRAL) 4X NA SEMANA', 10, 128.00, 'semestral', '{}', 'ativo');
INSERT INTO public.plans (id, created_at, name, modality_id, price, recurrence, benefits, status) VALUES (42, '2025-09-02 14:35:30.709696+00', 'HIDRO 3ª IDADE (PL TRIMESTRAL) 4X NA SEMANA', 10, 133.00, 'trimestral', '{}', 'ativo');
INSERT INTO public.plans (id, created_at, name, modality_id, price, recurrence, benefits, status) VALUES (41, '2025-09-02 14:34:41.736084+00', 'HIDRO 3ª IDADE (PL MENSAL) 4X NA SEMANA', 10, 142.00, 'mensal', '{}', 'ativo');
INSERT INTO public.plans (id, created_at, name, modality_id, price, recurrence, benefits, status) VALUES (40, '2025-09-02 14:33:35.130841+00', 'HIDRO 3ª IDADE (PL ANUAL) 3X NA SEMANA', 10, 108.00, 'anual', '{}', 'ativo');
INSERT INTO public.plans (id, created_at, name, modality_id, price, recurrence, benefits, status) VALUES (39, '2025-09-02 14:33:05.559522+00', 'HIDRO 3ª IDADE (PL SEMESTRAL) 3X NA SEMANA', 10, 117.00, 'semestral', '{}', 'ativo');
INSERT INTO public.plans (id, created_at, name, modality_id, price, recurrence, benefits, status) VALUES (38, '2025-09-02 14:22:20.708221+00', 'HIDRO 3ª IDADE (PL TRIMESTRAL) 3X NA SEMANA', 10, 122.00, 'trimestral', '{}', 'ativo');
INSERT INTO public.plans (id, created_at, name, modality_id, price, recurrence, benefits, status) VALUES (37, '2025-09-02 14:21:57.985912+00', 'HIDRO 3ª IDADE (PL MENSAL) 3X NA SEMANA', 10, 127.00, 'mensal', '{}', 'ativo');
INSERT INTO public.plans (id, created_at, name, modality_id, price, recurrence, benefits, status) VALUES (36, '2025-09-02 14:21:37.279647+00', 'HIDRO 3ª IDADE (PL ANUAL) 2X NA SEMANA', 10, 95.00, 'anual', '{}', 'ativo');
INSERT INTO public.plans (id, created_at, name, modality_id, price, recurrence, benefits, status) VALUES (35, '2025-09-02 14:21:15.628215+00', 'HIDRO 3ª IDADE (PL SEMESTRAL) 2X NA SEMANA', 10, 108.00, 'semestral', '{}', 'ativo');
INSERT INTO public.plans (id, created_at, name, modality_id, price, recurrence, benefits, status) VALUES (34, '2025-09-02 14:20:58.363838+00', 'HIDRO 3ª IDADE (PL TRIMESTRAL) 2X NA SEMANA', 10, 111.00, 'trimestral', '{}', 'ativo');
INSERT INTO public.plans (id, created_at, name, modality_id, price, recurrence, benefits, status) VALUES (33, '2025-09-02 14:20:33.327885+00', 'HIDRO 3ª IDADE (PL MENSAL) 2X NA SEMANA', 10, 117.00, 'mensal', '{}', 'ativo');
INSERT INTO public.plans (id, created_at, name, modality_id, price, recurrence, benefits, status) VALUES (32, '2025-09-02 14:20:12.620153+00', 'HIDRO 3ª IDADE (PL ANUAL) 1X NA SEMANA', 10, 67.00, 'anual', '{}', 'ativo');
INSERT INTO public.plans (id, created_at, name, modality_id, price, recurrence, benefits, status) VALUES (31, '2025-09-02 14:19:55.80952+00', 'HIDRO 3ª IDADE (PL SEMESTRAL) 1X NA SEMANA', 10, 75.00, 'semestral', '{}', 'ativo');
INSERT INTO public.plans (id, created_at, name, modality_id, price, recurrence, benefits, status) VALUES (30, '2025-09-02 14:19:21.253123+00', 'HIDRO 3ª IDADE (PL TRIMESTRAL) 1X NA SEMANA', 10, 78.00, 'trimestral', '{}', 'ativo');
INSERT INTO public.plans (id, created_at, name, modality_id, price, recurrence, benefits, status) VALUES (29, '2025-09-02 14:17:02.869634+00', 'HIDRO 3ª IDADE (PL MENSAL) 1X NA SEMANA', 10, 81.00, 'mensal', '{}', 'ativo');
INSERT INTO public.plans (id, created_at, name, modality_id, price, recurrence, benefits, status) VALUES (28, '2025-09-02 14:08:01.463901+00', 'HIDRO 3ª IDADE (PL MENSAL) 1X NA SEMANA', 10, 81.00, 'mensal', '{}', 'ativo');
INSERT INTO public.plans (id, created_at, name, modality_id, price, recurrence, benefits, status) VALUES (65, '2025-09-04 13:02:49.937979+00', 'HIDRO (PL MENSAL) 5X NA SEMANA', 11, 223.00, 'mensal', '{}', 'ativo');
INSERT INTO public.plans (id, created_at, name, modality_id, price, recurrence, benefits, status) VALUES (5, '2025-08-29 10:21:53.198083+00', 'ZUMBA (PL SEMESTRAL)', 6, 108.00, 'semestral', '{}', 'ativo');
INSERT INTO public.plans (id, created_at, name, modality_id, price, recurrence, benefits, status) VALUES (4, '2025-08-29 10:10:46.593233+00', 'ZUMBA (PL TRIMESTRAL)', 6, 114.00, 'trimestral', '{}', 'ativo');
INSERT INTO public.plans (id, created_at, name, modality_id, price, recurrence, benefits, status) VALUES (2, '2025-08-27 13:04:30.297098+00', 'ZUMBA (PL MENSAL)', 6, 120.00, 'mensal', '{}', 'ativo');
INSERT INTO public.plans (id, created_at, name, modality_id, price, recurrence, benefits, status) VALUES (26, '2025-09-02 14:05:47.942114+00', 'NAT. ADUL/ INF 1/2 ( PL SEMESTRAL) 5X NA SEMANA', 2, 243.00, 'semestral', '{}', 'ativo');
INSERT INTO public.plans (id, created_at, name, modality_id, price, recurrence, benefits, status) VALUES (25, '2025-09-02 14:05:25.373387+00', 'NAT. ADUL/ INF 1/2 (PL TRIMESTRAL) 5X NA SEMANA', 2, 252.00, 'trimestral', '{}', 'ativo');
INSERT INTO public.plans (id, created_at, name, modality_id, price, recurrence, benefits, status) VALUES (24, '2025-09-02 13:52:18.71918+00', 'NAT. ADUL/ INF 1/2 (PL MENSAL) 5X NA SEMANA', 2, 263.00, 'mensal', '{}', 'ativo');
INSERT INTO public.plans (id, created_at, name, modality_id, price, recurrence, benefits, status) VALUES (23, '2025-09-02 13:36:47.761579+00', 'NAT. ADUL/ INF 1/2 (PL ANUAL) 4X NA SEMANA', 2, 202.00, 'anual', '{}', 'ativo');
INSERT INTO public.plans (id, created_at, name, modality_id, price, recurrence, benefits, status) VALUES (22, '2025-09-02 13:36:11.989752+00', 'NAT. ADUL/ INF 1/2 (PL SEMESTRAL) 4X NA SEMANA ', 2, 215.00, 'semestral', '{}', 'ativo');
INSERT INTO public.plans (id, created_at, name, modality_id, price, recurrence, benefits, status) VALUES (21, '2025-09-02 13:22:12.933202+00', 'NAT. ADUL/ INF 1/2 (PL TRIMESTRAL) 4X NA SEMANA', 2, 225.00, 'trimestral', '{}', 'ativo');
INSERT INTO public.plans (id, created_at, name, modality_id, price, recurrence, benefits, status) VALUES (20, '2025-08-29 14:53:33.987534+00', 'NAT. ADUL/ INF 1/2 (PL MENSAL) 4X NA SEMANA', 2, 235.00, 'mensal', '{}', 'ativo');
INSERT INTO public.plans (id, created_at, name, modality_id, price, recurrence, benefits, status) VALUES (19, '2025-08-29 14:53:08.335018+00', 'NAT. ADUL/ INF 1/2 (PL ANUAL) 3X NA SEMANA', 2, 168.00, 'anual', '{}', 'ativo');
INSERT INTO public.plans (id, created_at, name, modality_id, price, recurrence, benefits, status) VALUES (18, '2025-08-29 14:52:49.63878+00', 'NAT. ADUL/ INF 1/2 (PL SEMESTRAL) 3X NA SEMANA', 2, 182.00, 'semestral', '{}', 'ativo');
INSERT INTO public.plans (id, created_at, name, modality_id, price, recurrence, benefits, status) VALUES (17, '2025-08-29 14:52:33.166709+00', 'NAT. ADUL/ INF 1/2 (PL TRIMESTRAL) 3X NA SEMANA', 2, 192.00, 'trimestral', '{}', 'ativo');
INSERT INTO public.plans (id, created_at, name, modality_id, price, recurrence, benefits, status) VALUES (16, '2025-08-29 14:52:03.675958+00', 'NAT. ADUL/ INF 1/2 (PL MENSAL) 3X NA SEMANA', 2, 202.00, 'mensal', '{}', 'ativo');
INSERT INTO public.plans (id, created_at, name, modality_id, price, recurrence, benefits, status) VALUES (15, '2025-08-29 14:51:28.010169+00', 'NAT. ADUL/ INF 1/2 (PL ANUAL) 2X NA SEMANA', 2, 148.00, 'anual', '{}', 'ativo');
INSERT INTO public.plans (id, created_at, name, modality_id, price, recurrence, benefits, status) VALUES (14, '2025-08-29 14:50:59.287706+00', 'NAT. ADUL/ INF 1/2 (PL SEMESTRAL) 2X NA SEMANA', 2, 155.00, 'semestral', '{}', 'ativo');
INSERT INTO public.plans (id, created_at, name, modality_id, price, recurrence, benefits, status) VALUES (13, '2025-08-29 14:50:31.997502+00', 'NAT. ADUL/ INF 1/2 (PL TRIMESTRAL) 2X NA SEMANA', 2, 165.00, 'trimestral', '{}', 'ativo');
INSERT INTO public.plans (id, created_at, name, modality_id, price, recurrence, benefits, status) VALUES (68, '2025-09-04 13:04:01.490286+00', 'HIDRO (PL ANUAL) 5X NA SEMANA', 11, 189.00, 'anual', '{}', 'ativo');
INSERT INTO public.plans (id, created_at, name, modality_id, price, recurrence, benefits, status) VALUES (67, '2025-09-04 13:03:39.225263+00', 'HIDRO (PL SEMESTRAL) 5X NA SEMANA', 11, 202.00, 'semestral', '{}', 'ativo');
INSERT INTO public.plans (id, created_at, name, modality_id, price, recurrence, benefits, status) VALUES (48, '2025-09-02 14:56:16.704356+00', 'HIDRO 3ª IDADE (PL ANUAL) 5X NA SEMANA', 10, 128.00, 'anual', '{}', 'ativo');
INSERT INTO public.plans (id, created_at, name, modality_id, price, recurrence, benefits, status) VALUES (59, '2025-09-04 13:00:25.56895+00', 'HIDRO (PL SEMESTRAL) 3X NA SEMANA', 11, 162.00, 'semestral', '{}', 'ativo');
INSERT INTO public.plans (id, created_at, name, modality_id, price, recurrence, benefits, status) VALUES (69, '2025-09-25 13:52:58.216436+00', 'NATAÇÃO BB (PL MENSAL)', 7, 155.00, 'mensal', '{}', 'ativo');
INSERT INTO public.plans (id, created_at, name, modality_id, price, recurrence, benefits, status) VALUES (70, '2025-09-25 14:03:44.01487+00', 'NATAÇÃO BB (PL TRIMESTRAL)', 7, 148.00, 'trimestral', '{}', 'ativo');
INSERT INTO public.plans (id, created_at, name, modality_id, price, recurrence, benefits, status) VALUES (71, '2025-09-25 14:05:12.166744+00', 'NATAÇÃO BB (PL SEMESTRAL)', 7, 140.00, 'semestral', '{}', 'ativo');
INSERT INTO public.plans (id, created_at, name, modality_id, price, recurrence, benefits, status) VALUES (72, '2025-09-25 14:05:38.919114+00', 'NATAÇÃO BB (PL ANUAL)', 7, 128.00, 'anual', '{}', 'ativo');
INSERT INTO public.plans (id, created_at, name, modality_id, price, recurrence, benefits, status) VALUES (12, '2025-08-29 14:49:39.338155+00', 'NAT. ADUL/ INF 1/2 (PL MENSAL) 2X NA SEMANA                                                                                                                                ', 2, 176.00, 'mensal', '{}', 'ativo');


ALTER TABLE public.plans ENABLE TRIGGER ALL;

--
-- Data for Name: profiles; Type: TABLE DATA; Schema: public; Owner: -
--

ALTER TABLE public.profiles DISABLE TRIGGER ALL;

INSERT INTO public.profiles (id, full_name, avatar_url, role) VALUES ('07827a3b-75e4-47b3-a15a-b26121d3e873', 'Teste', NULL, 'user');
INSERT INTO public.profiles (id, full_name, avatar_url, role) VALUES ('480bd3ca-1809-44d1-8855-8dc2957f695c', 'Rafael Medeiros', 'https://supabase.app.rajo.com.br/storage/v1/object/public/avatars/480bd3ca-1809-44d1-8855-8dc2957f695c-0.38845846306873355.jpg', 'Desenvolvedor');
INSERT INTO public.profiles (id, full_name, avatar_url, role) VALUES ('d811be5b-bd9d-41bb-b3a1-20ec43a95418', 'Janaina', NULL, 'user');


ALTER TABLE public.profiles ENABLE TRIGGER ALL;

--
-- Data for Name: student_plans; Type: TABLE DATA; Schema: public; Owner: -
--

ALTER TABLE public.student_plans DISABLE TRIGGER ALL;

INSERT INTO public.student_plans (id, student_id, plan_id, start_date, end_date, created_at) VALUES (4, 163, 7, '2025-10-09', NULL, '2025-10-09 13:50:53.397343+00');
INSERT INTO public.student_plans (id, student_id, plan_id, start_date, end_date, created_at) VALUES (5, 2, 53, '2025-10-09', NULL, '2025-10-09 14:04:23.733732+00');
INSERT INTO public.student_plans (id, student_id, plan_id, start_date, end_date, created_at) VALUES (6, 3, 72, '2025-10-09', NULL, '2025-10-09 14:05:17.989382+00');
INSERT INTO public.student_plans (id, student_id, plan_id, start_date, end_date, created_at) VALUES (7, 23, 71, '2025-10-09', NULL, '2025-10-09 14:06:40.999354+00');
INSERT INTO public.student_plans (id, student_id, plan_id, start_date, end_date, created_at) VALUES (8, 143, 53, '2025-10-10', NULL, '2025-10-10 12:58:00.267135+00');
INSERT INTO public.student_plans (id, student_id, plan_id, start_date, end_date, created_at) VALUES (9, 22, 7, '2025-10-13', NULL, '2025-10-13 12:29:04.247021+00');
INSERT INTO public.student_plans (id, student_id, plan_id, start_date, end_date, created_at) VALUES (10, 21, 7, '2025-10-13', NULL, '2025-10-13 12:30:29.230352+00');
INSERT INTO public.student_plans (id, student_id, plan_id, start_date, end_date, created_at) VALUES (11, 24, 7, '2025-10-13', NULL, '2025-10-13 12:35:17.159958+00');
INSERT INTO public.student_plans (id, student_id, plan_id, start_date, end_date, created_at) VALUES (12, 25, 71, '2025-10-13', NULL, '2025-10-13 12:44:33.50178+00');
INSERT INTO public.student_plans (id, student_id, plan_id, start_date, end_date, created_at) VALUES (13, 26, 55, '2025-10-13', NULL, '2025-10-13 12:48:05.248303+00');
INSERT INTO public.student_plans (id, student_id, plan_id, start_date, end_date, created_at) VALUES (14, 27, 7, '2025-10-13', NULL, '2025-10-13 12:50:40.898454+00');
INSERT INTO public.student_plans (id, student_id, plan_id, start_date, end_date, created_at) VALUES (15, 28, 33, '2025-10-13', NULL, '2025-10-13 13:05:17.507979+00');
INSERT INTO public.student_plans (id, student_id, plan_id, start_date, end_date, created_at) VALUES (16, 29, 33, '2025-10-13', NULL, '2025-10-13 13:10:45.819731+00');
INSERT INTO public.student_plans (id, student_id, plan_id, start_date, end_date, created_at) VALUES (17, 30, 7, '2025-10-13', NULL, '2025-10-13 13:11:48.562434+00');
INSERT INTO public.student_plans (id, student_id, plan_id, start_date, end_date, created_at) VALUES (18, 33, 7, '2025-10-13', NULL, '2025-10-13 13:24:30.47106+00');
INSERT INTO public.student_plans (id, student_id, plan_id, start_date, end_date, created_at) VALUES (19, 164, 40, '2025-10-13', NULL, '2025-10-13 13:33:54.975626+00');
INSERT INTO public.student_plans (id, student_id, plan_id, start_date, end_date, created_at) VALUES (20, 35, 70, '2025-10-13', NULL, '2025-10-13 13:37:02.847652+00');
INSERT INTO public.student_plans (id, student_id, plan_id, start_date, end_date, created_at) VALUES (21, 36, 57, '2025-10-13', NULL, '2025-10-13 13:38:37.43849+00');
INSERT INTO public.student_plans (id, student_id, plan_id, start_date, end_date, created_at) VALUES (22, 165, 69, '2025-10-13', NULL, '2025-10-13 13:44:36.965887+00');
INSERT INTO public.student_plans (id, student_id, plan_id, start_date, end_date, created_at) VALUES (23, 40, 10, '2025-10-13', NULL, '2025-10-13 13:48:59.607322+00');
INSERT INTO public.student_plans (id, student_id, plan_id, start_date, end_date, created_at) VALUES (24, 39, 10, '2025-10-13', NULL, '2025-10-13 13:50:37.320253+00');
INSERT INTO public.student_plans (id, student_id, plan_id, start_date, end_date, created_at) VALUES (25, 42, 33, '2025-10-13', NULL, '2025-10-13 13:58:50.938971+00');
INSERT INTO public.student_plans (id, student_id, plan_id, start_date, end_date, created_at) VALUES (26, 43, 33, '2025-10-13', NULL, '2025-10-13 13:59:50.278794+00');
INSERT INTO public.student_plans (id, student_id, plan_id, start_date, end_date, created_at) VALUES (27, 45, 34, '2025-10-13', NULL, '2025-10-13 14:12:11.805617+00');
INSERT INTO public.student_plans (id, student_id, plan_id, start_date, end_date, created_at) VALUES (28, 46, 8, '2025-10-13', NULL, '2025-10-13 14:15:01.702959+00');
INSERT INTO public.student_plans (id, student_id, plan_id, start_date, end_date, created_at) VALUES (29, 48, 7, '2025-10-13', NULL, '2025-10-13 14:20:11.182549+00');
INSERT INTO public.student_plans (id, student_id, plan_id, start_date, end_date, created_at) VALUES (30, 49, 12, '2025-10-13', NULL, '2025-10-13 14:21:40.430022+00');
INSERT INTO public.student_plans (id, student_id, plan_id, start_date, end_date, created_at) VALUES (31, 50, 7, '2025-10-13', NULL, '2025-10-13 14:23:37.573434+00');
INSERT INTO public.student_plans (id, student_id, plan_id, start_date, end_date, created_at) VALUES (32, 51, 7, '2025-10-13', NULL, '2025-10-13 14:27:10.436904+00');
INSERT INTO public.student_plans (id, student_id, plan_id, start_date, end_date, created_at) VALUES (33, 52, 11, '2025-10-13', NULL, '2025-10-13 14:29:05.752214+00');
INSERT INTO public.student_plans (id, student_id, plan_id, start_date, end_date, created_at) VALUES (34, 53, 11, '2025-10-13', NULL, '2025-10-13 14:31:35.03346+00');
INSERT INTO public.student_plans (id, student_id, plan_id, start_date, end_date, created_at) VALUES (35, 54, 52, '2025-10-13', NULL, '2025-10-13 14:40:38.204402+00');
INSERT INTO public.student_plans (id, student_id, plan_id, start_date, end_date, created_at) VALUES (36, 58, 2, '2025-10-14', NULL, '2025-10-14 12:21:42.28607+00');
INSERT INTO public.student_plans (id, student_id, plan_id, start_date, end_date, created_at) VALUES (37, 59, 2, '2025-10-14', NULL, '2025-10-14 12:23:23.903163+00');
INSERT INTO public.student_plans (id, student_id, plan_id, start_date, end_date, created_at) VALUES (38, 61, 11, '2025-10-14', NULL, '2025-10-14 12:26:39.944015+00');
INSERT INTO public.student_plans (id, student_id, plan_id, start_date, end_date, created_at) VALUES (39, 62, 7, '2025-10-14', NULL, '2025-10-14 12:27:33.989018+00');
INSERT INTO public.student_plans (id, student_id, plan_id, start_date, end_date, created_at) VALUES (40, 63, 11, '2025-10-14', NULL, '2025-10-14 12:28:45.805245+00');
INSERT INTO public.student_plans (id, student_id, plan_id, start_date, end_date, created_at) VALUES (41, 64, 8, '2025-10-14', NULL, '2025-10-14 12:32:33.150376+00');
INSERT INTO public.student_plans (id, student_id, plan_id, start_date, end_date, created_at) VALUES (42, 66, 7, '2025-10-14', NULL, '2025-10-14 12:36:40.185185+00');
INSERT INTO public.student_plans (id, student_id, plan_id, start_date, end_date, created_at) VALUES (43, 70, 7, '2025-10-14', NULL, '2025-10-14 12:37:12.664629+00');
INSERT INTO public.student_plans (id, student_id, plan_id, start_date, end_date, created_at) VALUES (44, 69, 69, '2025-10-14', NULL, '2025-10-14 12:44:46.704342+00');
INSERT INTO public.student_plans (id, student_id, plan_id, start_date, end_date, created_at) VALUES (45, 71, 15, '2025-10-14', NULL, '2025-10-14 12:45:35.682948+00');
INSERT INTO public.student_plans (id, student_id, plan_id, start_date, end_date, created_at) VALUES (46, 75, 49, '2025-10-14', NULL, '2025-10-14 13:23:36.203066+00');
INSERT INTO public.student_plans (id, student_id, plan_id, start_date, end_date, created_at) VALUES (47, 76, 7, '2025-10-14', NULL, '2025-10-14 14:32:35.3964+00');
INSERT INTO public.student_plans (id, student_id, plan_id, start_date, end_date, created_at) VALUES (48, 77, 69, '2025-10-14', NULL, '2025-10-14 14:41:09.177829+00');
INSERT INTO public.student_plans (id, student_id, plan_id, start_date, end_date, created_at) VALUES (49, 78, 7, '2025-10-14', NULL, '2025-10-14 14:51:45.259844+00');
INSERT INTO public.student_plans (id, student_id, plan_id, start_date, end_date, created_at) VALUES (50, 85, 58, '2025-10-16', NULL, '2025-10-16 11:22:11.200384+00');
INSERT INTO public.student_plans (id, student_id, plan_id, start_date, end_date, created_at) VALUES (51, 82, 35, '2025-10-16', NULL, '2025-10-16 11:44:43.576481+00');
INSERT INTO public.student_plans (id, student_id, plan_id, start_date, end_date, created_at) VALUES (52, 83, 11, '2025-10-16', NULL, '2025-10-16 11:48:04.153341+00');
INSERT INTO public.student_plans (id, student_id, plan_id, start_date, end_date, created_at) VALUES (53, 84, 72, '2025-10-16', NULL, '2025-10-16 11:53:45.430548+00');
INSERT INTO public.student_plans (id, student_id, plan_id, start_date, end_date, created_at) VALUES (54, 94, 33, '2025-10-16', NULL, '2025-10-16 11:55:50.733506+00');
INSERT INTO public.student_plans (id, student_id, plan_id, start_date, end_date, created_at) VALUES (55, 103, 72, '2025-10-16', NULL, '2025-10-16 11:57:14.829134+00');
INSERT INTO public.student_plans (id, student_id, plan_id, start_date, end_date, created_at) VALUES (56, 116, 11, '2025-10-16', NULL, '2025-10-16 11:58:43.634366+00');
INSERT INTO public.student_plans (id, student_id, plan_id, start_date, end_date, created_at) VALUES (57, 166, 33, '2025-10-16', NULL, '2025-10-16 12:02:37.956144+00');
INSERT INTO public.student_plans (id, student_id, plan_id, start_date, end_date, created_at) VALUES (58, 125, 49, '2025-10-16', NULL, '2025-10-16 12:03:55.649303+00');
INSERT INTO public.student_plans (id, student_id, plan_id, start_date, end_date, created_at) VALUES (59, 126, 49, '2025-10-16', NULL, '2025-10-16 12:05:12.096455+00');
INSERT INTO public.student_plans (id, student_id, plan_id, start_date, end_date, created_at) VALUES (60, 127, 11, '2025-10-16', NULL, '2025-10-16 12:08:06.339529+00');
INSERT INTO public.student_plans (id, student_id, plan_id, start_date, end_date, created_at) VALUES (61, 128, 69, '2025-10-16', NULL, '2025-10-16 12:08:34.7175+00');
INSERT INTO public.student_plans (id, student_id, plan_id, start_date, end_date, created_at) VALUES (62, 129, 2, '2025-10-16', NULL, '2025-10-16 12:09:29.610837+00');
INSERT INTO public.student_plans (id, student_id, plan_id, start_date, end_date, created_at) VALUES (63, 130, 12, '2025-10-16', NULL, '2025-10-16 12:11:06.022519+00');
INSERT INTO public.student_plans (id, student_id, plan_id, start_date, end_date, created_at) VALUES (64, 131, 12, '2025-10-16', NULL, '2025-10-16 12:11:48.678545+00');
INSERT INTO public.student_plans (id, student_id, plan_id, start_date, end_date, created_at) VALUES (65, 132, 11, '2025-10-16', NULL, '2025-10-16 12:12:40.424633+00');
INSERT INTO public.student_plans (id, student_id, plan_id, start_date, end_date, created_at) VALUES (66, 133, 69, '2025-10-16', NULL, '2025-10-16 12:29:18.129253+00');
INSERT INTO public.student_plans (id, student_id, plan_id, start_date, end_date, created_at) VALUES (67, 135, 8, '2025-10-16', NULL, '2025-10-16 12:31:42.514848+00');
INSERT INTO public.student_plans (id, student_id, plan_id, start_date, end_date, created_at) VALUES (68, 136, 54, '2025-10-16', NULL, '2025-10-16 12:33:28.425074+00');
INSERT INTO public.student_plans (id, student_id, plan_id, start_date, end_date, created_at) VALUES (69, 137, 33, '2025-10-16', NULL, '2025-10-16 12:37:09.951324+00');
INSERT INTO public.student_plans (id, student_id, plan_id, start_date, end_date, created_at) VALUES (70, 138, 12, '2025-10-16', NULL, '2025-10-16 12:50:39.027684+00');
INSERT INTO public.student_plans (id, student_id, plan_id, start_date, end_date, created_at) VALUES (71, 139, 37, '2025-10-16', NULL, '2025-10-16 13:04:58.382936+00');
INSERT INTO public.student_plans (id, student_id, plan_id, start_date, end_date, created_at) VALUES (72, 140, 16, '2025-10-16', NULL, '2025-10-16 13:12:04.239718+00');
INSERT INTO public.student_plans (id, student_id, plan_id, start_date, end_date, created_at) VALUES (73, 142, 7, '2025-10-16', NULL, '2025-10-16 13:13:40.217771+00');
INSERT INTO public.student_plans (id, student_id, plan_id, start_date, end_date, created_at) VALUES (74, 144, 8, '2025-10-16', NULL, '2025-10-16 13:37:23.007142+00');
INSERT INTO public.student_plans (id, student_id, plan_id, start_date, end_date, created_at) VALUES (75, 145, 54, '2025-10-16', NULL, '2025-10-16 13:39:29.330129+00');
INSERT INTO public.student_plans (id, student_id, plan_id, start_date, end_date, created_at) VALUES (76, 146, 53, '2025-10-16', NULL, '2025-10-16 13:58:25.82349+00');
INSERT INTO public.student_plans (id, student_id, plan_id, start_date, end_date, created_at) VALUES (77, 147, 70, '2025-10-16', NULL, '2025-10-16 14:24:48.583731+00');
INSERT INTO public.student_plans (id, student_id, plan_id, start_date, end_date, created_at) VALUES (78, 148, 8, '2025-10-16', NULL, '2025-10-16 14:27:04.21706+00');
INSERT INTO public.student_plans (id, student_id, plan_id, start_date, end_date, created_at) VALUES (79, 149, 12, '2025-10-16', NULL, '2025-10-16 14:36:06.456752+00');
INSERT INTO public.student_plans (id, student_id, plan_id, start_date, end_date, created_at) VALUES (80, 150, 7, '2025-10-16', NULL, '2025-10-16 14:36:59.776214+00');
INSERT INTO public.student_plans (id, student_id, plan_id, start_date, end_date, created_at) VALUES (81, 167, 11, '2025-10-16', NULL, '2025-10-16 14:46:38.384638+00');
INSERT INTO public.student_plans (id, student_id, plan_id, start_date, end_date, created_at) VALUES (82, 151, 12, '2025-10-16', NULL, '2025-10-16 14:48:06.449473+00');
INSERT INTO public.student_plans (id, student_id, plan_id, start_date, end_date, created_at) VALUES (83, 152, 7, '2025-10-17', NULL, '2025-10-17 13:50:05.019985+00');
INSERT INTO public.student_plans (id, student_id, plan_id, start_date, end_date, created_at) VALUES (84, 153, 7, '2025-10-17', NULL, '2025-10-17 13:51:32.747998+00');
INSERT INTO public.student_plans (id, student_id, plan_id, start_date, end_date, created_at) VALUES (85, 154, 58, '2025-10-17', NULL, '2025-10-17 14:02:02.833709+00');
INSERT INTO public.student_plans (id, student_id, plan_id, start_date, end_date, created_at) VALUES (86, 155, 54, '2025-10-17', NULL, '2025-10-17 14:02:53.192423+00');
INSERT INTO public.student_plans (id, student_id, plan_id, start_date, end_date, created_at) VALUES (87, 156, 54, '2025-10-17', NULL, '2025-10-17 14:04:24.57306+00');
INSERT INTO public.student_plans (id, student_id, plan_id, start_date, end_date, created_at) VALUES (88, 168, 34, '2025-10-17', NULL, '2025-10-17 14:16:38.974077+00');
INSERT INTO public.student_plans (id, student_id, plan_id, start_date, end_date, created_at) VALUES (89, 157, 34, '2025-10-17', NULL, '2025-10-17 14:39:56.479289+00');
INSERT INTO public.student_plans (id, student_id, plan_id, start_date, end_date, created_at) VALUES (90, 158, 54, '2025-10-17', NULL, '2025-10-17 14:42:53.178657+00');
INSERT INTO public.student_plans (id, student_id, plan_id, start_date, end_date, created_at) VALUES (91, 160, 8, '2025-10-17', NULL, '2025-10-17 14:44:48.261874+00');
INSERT INTO public.student_plans (id, student_id, plan_id, start_date, end_date, created_at) VALUES (92, 159, 53, '2025-10-20', NULL, '2025-10-20 13:44:21.512893+00');
INSERT INTO public.student_plans (id, student_id, plan_id, start_date, end_date, created_at) VALUES (93, 169, 69, '2025-10-20', NULL, '2025-10-20 13:49:31.03278+00');
INSERT INTO public.student_plans (id, student_id, plan_id, start_date, end_date, created_at) VALUES (94, 170, 7, '2025-10-20', NULL, '2025-10-20 14:01:49.279332+00');
INSERT INTO public.student_plans (id, student_id, plan_id, start_date, end_date, created_at) VALUES (95, 171, 11, '2025-10-20', NULL, '2025-10-20 14:21:15.299592+00');
INSERT INTO public.student_plans (id, student_id, plan_id, start_date, end_date, created_at) VALUES (96, 172, 11, '2025-10-20', NULL, '2025-10-20 14:33:47.914341+00');
INSERT INTO public.student_plans (id, student_id, plan_id, start_date, end_date, created_at) VALUES (97, 174, 7, '2025-10-20', NULL, '2025-10-20 14:49:11.464121+00');
INSERT INTO public.student_plans (id, student_id, plan_id, start_date, end_date, created_at) VALUES (98, 175, 7, '2025-10-21', NULL, '2025-10-21 11:12:40.289459+00');
INSERT INTO public.student_plans (id, student_id, plan_id, start_date, end_date, created_at) VALUES (99, 176, 69, '2025-10-21', NULL, '2025-10-21 11:17:42.245525+00');
INSERT INTO public.student_plans (id, student_id, plan_id, start_date, end_date, created_at) VALUES (100, 177, 2, '2025-10-21', NULL, '2025-10-21 11:28:03.614611+00');
INSERT INTO public.student_plans (id, student_id, plan_id, start_date, end_date, created_at) VALUES (101, 178, 33, '2025-10-21', NULL, '2025-10-21 11:41:22.136567+00');
INSERT INTO public.student_plans (id, student_id, plan_id, start_date, end_date, created_at) VALUES (102, 179, 14, '2025-10-21', NULL, '2025-10-21 11:44:12.202787+00');
INSERT INTO public.student_plans (id, student_id, plan_id, start_date, end_date, created_at) VALUES (103, 180, 14, '2025-10-21', NULL, '2025-10-21 11:55:40.513614+00');
INSERT INTO public.student_plans (id, student_id, plan_id, start_date, end_date, created_at) VALUES (104, 181, 54, '2025-10-21', NULL, '2025-10-21 12:01:16.133872+00');
INSERT INTO public.student_plans (id, student_id, plan_id, start_date, end_date, created_at) VALUES (105, 182, 13, '2025-10-21', NULL, '2025-10-21 12:12:37.150939+00');
INSERT INTO public.student_plans (id, student_id, plan_id, start_date, end_date, created_at) VALUES (106, 183, 2, '2025-10-21', NULL, '2025-10-21 12:19:23.728372+00');
INSERT INTO public.student_plans (id, student_id, plan_id, start_date, end_date, created_at) VALUES (107, 185, 13, '2025-10-21', NULL, '2025-10-21 12:32:54.807605+00');
INSERT INTO public.student_plans (id, student_id, plan_id, start_date, end_date, created_at) VALUES (108, 186, 7, '2025-10-21', NULL, '2025-10-21 12:47:01.843603+00');
INSERT INTO public.student_plans (id, student_id, plan_id, start_date, end_date, created_at) VALUES (109, 187, 49, '2025-10-21', NULL, '2025-10-21 12:49:27.545105+00');
INSERT INTO public.student_plans (id, student_id, plan_id, start_date, end_date, created_at) VALUES (110, 188, 33, '2025-10-21', NULL, '2025-10-21 13:26:43.881982+00');
INSERT INTO public.student_plans (id, student_id, plan_id, start_date, end_date, created_at) VALUES (111, 189, 2, '2025-10-21', NULL, '2025-10-21 14:03:51.19876+00');
INSERT INTO public.student_plans (id, student_id, plan_id, start_date, end_date, created_at) VALUES (112, 190, 7, '2025-10-21', NULL, '2025-10-21 14:14:01.811321+00');
INSERT INTO public.student_plans (id, student_id, plan_id, start_date, end_date, created_at) VALUES (113, 191, 33, '2025-10-21', NULL, '2025-10-21 14:25:03.406034+00');


ALTER TABLE public.student_plans ENABLE TRIGGER ALL;

--
-- Name: attendance_id_seq; Type: SEQUENCE SET; Schema: public; Owner: -
--

SELECT pg_catalog.setval('public.attendance_id_seq', 1, false);


--
-- Name: classes_id_seq; Type: SEQUENCE SET; Schema: public; Owner: -
--

SELECT pg_catalog.setval('public.classes_id_seq', 5, true);


--
-- Name: enrollments_id_seq; Type: SEQUENCE SET; Schema: public; Owner: -
--

SELECT pg_catalog.setval('public.enrollments_id_seq', 3, true);


--
-- Name: equipment_id_seq; Type: SEQUENCE SET; Schema: public; Owner: -
--

SELECT pg_catalog.setval('public.equipment_id_seq', 1, false);


--
-- Name: instructors_id_seq; Type: SEQUENCE SET; Schema: public; Owner: -
--

SELECT pg_catalog.setval('public.instructors_id_seq', 23, true);


--
-- Name: maintenance_id_seq; Type: SEQUENCE SET; Schema: public; Owner: -
--

SELECT pg_catalog.setval('public.maintenance_id_seq', 1, false);


--
-- Name: modalities_id_seq; Type: SEQUENCE SET; Schema: public; Owner: -
--

SELECT pg_catalog.setval('public.modalities_id_seq', 32, true);


--
-- Name: payments_id_seq; Type: SEQUENCE SET; Schema: public; Owner: -
--

SELECT pg_catalog.setval('public.payments_id_seq', 112, true);


--
-- Name: plans_id_seq; Type: SEQUENCE SET; Schema: public; Owner: -
--

SELECT pg_catalog.setval('public.plans_id_seq', 72, true);


--
-- Name: student_plans_id_seq; Type: SEQUENCE SET; Schema: public; Owner: -
--

SELECT pg_catalog.setval('public.student_plans_id_seq', 113, true);


--
-- Name: students_id_seq; Type: SEQUENCE SET; Schema: public; Owner: -
--

SELECT pg_catalog.setval('public.students_id_seq', 192, true);


--
-- PostgreSQL database dump complete
--

